offset	bank	bank_offset	address	length	value
0x0001BA	0x00	0x01BA	0x01BA	38	0x00
0x00029E	0x00	0x029E	0x029E	95	0x00
0x00048F	0x00	0x048F	0x048F	113	0x00
0x000D3A	0x00	0x0D3A	0x0D3A	198	0x00
0x0038B2	0x00	0x38B2	0x38B2	32	0x00
0x003D9C	0x00	0x3D9C	0x3D9C	484	0x00
0x003F96	0x00	0x3F96	0x3F96	74	0x00
0x004B00	0x01	0x0B00	0x4B00	40	0x00
0x004E52	0x01	0x0E52	0x4E52	1296	0x00
0x0053B2	0x01	0x13B2	0x53B2	3440	0x00
0x006818	0x01	0x2818	0x6818	57	0x00
0x007FB7	0x01	0x3FB7	0x7FB7	73	0x00
0x00FDF3	0x03	0x3DF3	0x7DF3	525	0x00
0x013729	0x04	0x3729	0x7729	2263	0x00
0x017FE4	0x05	0x3FE4	0x7FE4	44	0x00
0x0183C0	0x06	0x03C0	0x43C0	32	0x00
0x018510	0x06	0x0510	0x4510	34	0x00
0x018DAF	0x06	0x0DAF	0x4DAF	81	0x00
0x019800	0x06	0x1800	0x5800	64	0x00
0x0198FF	0x06	0x18FF	0x58FF	65	0x00
0x019A00	0x06	0x1A00	0x5A00	64	0x00
0x019B00	0x06	0x1B00	0x5B00	64	0x00
0x019C00	0x06	0x1C00	0x5C00	32	0x00
0x019D00	0x06	0x1D00	0x5D00	32	0x00
0x01B600	0x06	0x3600	0x7600	32	0x00
0x01B700	0x06	0x3700	0x7700	32	0x00
0x01BC60	0x06	0x3C60	0x7C60	32	0x00
0x01BD60	0x06	0x3D60	0x7D60	32	0x00
0x01BFCF	0x06	0x3FCF	0x7FCF	50	0x00
0x01FBCB	0x07	0x3BCB	0x7BCB	1077	0x00
0x023C36	0x08	0x3C36	0x7C36	970	0x00
0x027784	0x09	0x3784	0x7784	2173	0x00
0x02BF6D	0x0A	0x3F6D	0x7F6D	147	0x00
0x02FC26	0x0B	0x3C26	0x7C26	986	0x00
0x033F6A	0x0C	0x3F6A	0x7F6A	154	0x00
0x037ECC	0x0D	0x3ECC	0x7ECC	308	0x00
0x047F0A	0x11	0x3F0A	0x7F0A	246	0x00
0x04BC2F	0x12	0x3C2F	0x7C2F	977	0x00
0x04FF7B	0x13	0x3F7B	0x7F7B	133	0x00
0x053BAA	0x14	0x3BAA	0x7BAA	1110	0x00
0x057F3A	0x15	0x3F3A	0x7F3A	210	0x00
0x0581C0	0x16	0x01C0	0x41C0	48	0x00
0x058470	0x16	0x0470	0x4470	32	0x00
0x0584F0	0x16	0x04F0	0x44F0	32	0x00
0x058570	0x16	0x0570	0x4570	32	0x00
0x0585F0	0x16	0x05F0	0x45F0	32	0x00
0x058670	0x16	0x0670	0x4670	416	0x00
0x05886F	0x16	0x086F	0x486F	37	0x00
0x0588F0	0x16	0x08F0	0x48F0	32	0x00
0x058970	0x16	0x0970	0x4970	32	0x00
0x0589F0	0x16	0x09F0	0x49F0	32	0x00
0x058A6F	0x16	0x0A6F	0x4A6F	401	0x00
0x05BE5F	0x16	0x3E5F	0x7E5F	417	0x00
0x05F5E3	0x17	0x35E3	0x75E3	42	0x00
0x05F85D	0x17	0x385D	0x785D	36	0x00
0x05F91B	0x17	0x391B	0x791B	32	0x00
0x05F95B	0x17	0x395B	0x795B	32	0x00
0x05F99D	0x17	0x399D	0x799D	40	0x00
0x05FA17	0x17	0x3A17	0x7A17	42	0x00
0x05FA59	0x17	0x3A59	0x7A59	34	0x00
0x05FA97	0x17	0x3A97	0x7A97	1385	0x00
0x063F04	0x18	0x3F04	0x7F04	252	0x00
0x06705C	0x19	0x305C	0x705C	295	0x00
0x067A04	0x19	0x3A04	0x7A04	1532	0x00
0x06BDDA	0x1A	0x3DDA	0x7DDA	550	0x00
0x06FB50	0x1B	0x3B50	0x7B50	1200	0x00
0x0712A2	0x1C	0x12A2	0x52A2	54	0x00
0x073F5A	0x1C	0x3F5A	0x7F5A	166	0xFF
0x075245	0x1D	0x1245	0x5245	93	0x00
0x0752D8	0x1D	0x12D8	0x52D8	81	0x00
0x077F5A	0x1D	0x3F5A	0x7F5A	166	0xFF
0x07FEE0	0x1F	0x3EE0	0x7EE0	43	0x00
0x083F26	0x20	0x3F26	0x7F26	218	0x00
0x087EEF	0x21	0x3EEF	0x7EEF	273	0x00
0x08B85F	0x22	0x385F	0x785F	1953	0x00
0x08FFD8	0x23	0x3FD8	0x7FD8	40	0x00
0x093F82	0x24	0x3F82	0x7F82	126	0x00
0x09741D	0x25	0x341D	0x741D	3043	0x00
0x09B6A7	0x26	0x36A7	0x76A7	2393	0x00
0x09FD04	0x27	0x3D04	0x7D04	764	0x00
0x0A3F81	0x28	0x3F81	0x7F81	127	0x00
0x0A7BE6	0x29	0x3BE6	0x7BE6	1050	0x00
0x0ABF64	0x2A	0x3F64	0x7F64	156	0x00
0x0AF509	0x2B	0x3509	0x7509	2807	0x00
0x0B3E54	0x2C	0x3E54	0x7E54	428	0x00
0x0B7DD1	0x2D	0x3DD1	0x7DD1	559	0x00
0x0BB871	0x2E	0x3871	0x7871	1935	0x00
0x0BE1A6	0x2F	0x21A6	0x61A6	36	0x00
0x0BF78B	0x2F	0x378B	0x778B	2165	0x00
0x0C3F00	0x30	0x3F00	0x7F00	260	0x00
0x0C7CA3	0x31	0x3CA3	0x7CA3	861	0x00
0x0CBA28	0x32	0x3A28	0x7A28	1496	0x00
0x0CF207	0x33	0x3207	0x7207	3577	0x00
0x0D3EF4	0x34	0x3EF4	0x7EF4	268	0x00
0x0D7A7E	0x35	0x3A7E	0x7A7E	1432	0x00
0x0D8863	0x36	0x0863	0x4863	322	0x00
0x0D89C7	0x36	0x09C7	0x49C7	201	0x00
0x0D8B4E	0x36	0x0B4E	0x4B4E	163	0x00
0x0D8C02	0x36	0x0C02	0x4C02	183	0x00
0x0DBD9A	0x36	0x3D9A	0x7D9A	614	0x00
0x0DF3E6	0x37	0x33E6	0x73E6	1066	0x00
0x0DF92E	0x37	0x392E	0x792E	1762	0x00
0x0E05B0	0x38	0x05B0	0x45B0	274	0xFF
0x0E37E5	0x38	0x37E5	0x77E5	2091	0x00
0x0E4DB0	0x39	0x0DB0	0x4DB0	80	0xFF
0x0E5800	0x39	0x1800	0x5800	64	0xFF
0x0E5900	0x39	0x1900	0x5900	64	0xFF
0x0E5A00	0x39	0x1A00	0x5A00	64	0xFF
0x0E5AFE	0x39	0x1AFE	0x5AFE	67	0xFF
0x0E5C00	0x39	0x1C00	0x5C00	32	0xFF
0x0E5D00	0x39	0x1D00	0x5D00	32	0xFF
0x0E7C60	0x39	0x3C60	0x7C60	32	0xFF
0x0E7D60	0x39	0x3D60	0x7D60	32	0xFF
0x0E7FD0	0x39	0x3FD0	0x7FD0	48	0xFF
0x0EBDA0	0x3A	0x3DA0	0x7DA0	608	0x00
0x0EFFB4	0x3B	0x3FB4	0x7FB4	76	0x00
0x0F3F12	0x3C	0x3F12	0x7F12	238	0x00
0x0F7E12	0x3D	0x3E12	0x7E12	494	0x00
0x0FBC16	0x3E	0x3C16	0x7C16	1002	0x00
0x0FE4A1	0x3F	0x24A1	0x64A1	90	0x00
0x0FEE3B	0x3F	0x2E3B	0x6E3B	130	0x00
0x0FEF1B	0x3F	0x2F1B	0x6F1B	34	0x00
0x0FFDBA	0x3F	0x3DBA	0x7DBA	353	0x00
