table_offset	bank	count	first_ptr	last_ptr	monotonic
0x003958	0x00	29	0x4544	0x4342	0
0x00395A	0x00	28	0x4746	0x4342	0
0x00395C	0x00	27	0x4948	0x4342	0
0x00395E	0x00	26	0x4B4A	0x4342	0
0x003960	0x00	25	0x4D4C	0x4342	0
0x003962	0x00	24	0x4E14	0x4342	0
0x003964	0x00	23	0x504F	0x4342	0
0x003966	0x00	22	0x5251	0x4342	0
0x003968	0x00	21	0x5453	0x4342	0
0x00396A	0x00	20	0x5655	0x4342	0
0x00396C	0x00	19	0x5857	0x4342	0
0x00396E	0x00	18	0x5A59	0x4342	0
0x003970	0x00	17	0x5C5B	0x4342	0
0x003972	0x00	16	0x5E5D	0x4342	0
0x004892	0x01	8	0x4040	0x7070	1
0x004982	0x01	8	0x485C	0x485C	1
0x005372	0x01	16	0x7C7C	0x6262	0
0x018600	0x06	8	0x41AA	0x41AA	1
0x018AA0	0x06	8	0x5C5F	0x5C5F	1
0x018AE0	0x06	8	0x5C5F	0x5C5F	1
0x018BB0	0x06	12	0x5555	0x5555	1
0x018BB2	0x06	11	0x5555	0x5555	1
0x018BB4	0x06	10	0x5555	0x5555	1
0x018BB6	0x06	9	0x5555	0x5555	1
0x018BB8	0x06	8	0x5555	0x5555	1
0x018C30	0x06	8	0x724E	0x724E	1
0x01C13A	0x07	16	0x585F	0x6666	0
0x01C2EE	0x07	14	0x4603	0x533B	1
0x01C2F0	0x07	13	0x473B	0x533B	1
0x01C2F2	0x07	12	0x483B	0x533B	1
0x01C2F4	0x07	11	0x493B	0x533B	1
0x01C2F6	0x07	10	0x4A3B	0x533B	1
0x01C2F8	0x07	9	0x4B3B	0x533B	1
0x01C2FA	0x07	8	0x4C3B	0x533B	1
0x01C528	0x07	9	0x463A	0x76F4	1
0x01C52A	0x07	8	0x4E42	0x76F4	1
0x01C716	0x07	18	0x40EC	0x6407	0
0x01C718	0x07	17	0x44EC	0x6407	0
0x01C71A	0x07	16	0x48EC	0x6407	0
0x01C96A	0x07	19	0x7A67	0x7CA7	0
0x01C96C	0x07	18	0x7A87	0x7CA7	0
0x01C96E	0x07	17	0x7AA7	0x7CA7	0
0x01C970	0x07	16	0x7AC7	0x7CA7	0
0x01CAFC	0x07	16	0x467E	0x77BE	0
0x01D124	0x07	8	0x76AE	0x76BC	1
0x01D6D0	0x07	21	0x617F	0x753B	1
0x01D6D2	0x07	20	0x623B	0x753B	1
0x01D6D4	0x07	19	0x633B	0x753B	1
0x01D6D6	0x07	18	0x643B	0x753B	1
0x01D6D8	0x07	17	0x653B	0x753B	1
0x01D6DA	0x07	16	0x663B	0x753B	1
0x01D6DC	0x07	15	0x673B	0x753B	1
0x01D6DE	0x07	14	0x683B	0x753B	1
0x01D6E0	0x07	13	0x693B	0x753B	1
0x01D6E2	0x07	12	0x6A3B	0x753B	1
0x01D6E4	0x07	11	0x6B3B	0x753B	1
0x01D6E6	0x07	10	0x6C3B	0x753B	1
0x01D6E8	0x07	9	0x6D3B	0x753B	1
0x01D6EA	0x07	8	0x6E3B	0x753B	1
0x01D702	0x07	8	0x5CDE	0x7F3B	1
0x01D7CC	0x07	8	0x41DE	0x79DE	1
0x01D850	0x07	8	0x40D8	0x79B8	1
0x01D890	0x07	8	0x41D9	0x79D9	1
0x01DCFE	0x07	16	0x77C7	0x6B1E	0
0x01DD3C	0x07	17	0x77A4	0x76C4	0
0x01DD3E	0x07	16	0x77A6	0x76C4	0
0x01E01A	0x07	16	0x7674	0x7692	1
0x01E01C	0x07	15	0x7676	0x7692	1
0x01E01E	0x07	14	0x7678	0x7692	1
0x01E020	0x07	13	0x767A	0x7692	1
0x01E022	0x07	12	0x767C	0x7692	1
0x01E024	0x07	11	0x767E	0x7692	1
0x01E026	0x07	10	0x7680	0x7692	1
0x01E028	0x07	9	0x7682	0x7692	1
0x01E02A	0x07	8	0x7684	0x7692	1
0x02017A	0x08	9	0x4116	0x416B	1
0x02017C	0x08	8	0x411D	0x416B	1
0x024078	0x09	10	0x6500	0x7740	1
0x02407A	0x09	9	0x6740	0x7740	1
0x02407C	0x09	8	0x6940	0x7740	1
0x0240CE	0x09	15	0x408D	0x40CA	1
0x0240D0	0x09	14	0x408F	0x40CA	1
0x0240D2	0x09	13	0x4093	0x40CA	1
0x0240D4	0x09	12	0x4097	0x40CA	1
0x0240D6	0x09	11	0x409A	0x40CA	1
0x0240D8	0x09	10	0x409D	0x40CA	1
0x0240DA	0x09	9	0x40A1	0x40CA	1
0x0240DC	0x09	8	0x40A8	0x40CA	1
0x024122	0x09	11	0x40EC	0x411D	1
0x024124	0x09	10	0x40F1	0x411D	1
0x024126	0x09	9	0x40F6	0x411D	1
0x024128	0x09	8	0x40FB	0x411D	1
0x0242A8	0x09	17	0x4225	0x42A1	1
0x0242AA	0x09	16	0x422D	0x42A1	1
0x0242AC	0x09	15	0x4233	0x42A1	1
0x0242AE	0x09	14	0x423D	0x42A1	1
0x0242B0	0x09	13	0x4247	0x42A1	1
0x0242B2	0x09	12	0x4252	0x42A1	1
0x0242B4	0x09	11	0x4257	0x42A1	1
0x0242B6	0x09	10	0x425F	0x42A1	1
0x0242B8	0x09	9	0x426B	0x42A1	1
0x0242BA	0x09	8	0x426F	0x42A1	1
0x0242F4	0x09	12	0x42CA	0x42F1	1
0x0242F6	0x09	11	0x42CF	0x42F1	1
0x0242F8	0x09	10	0x42D3	0x42F1	1
0x0242FA	0x09	9	0x42D6	0x42F1	1
0x0242FC	0x09	8	0x42D9	0x42F1	1
0x0243A8	0x09	28	0x430C	0x43A2	1
0x0243AA	0x09	27	0x4312	0x43A2	1
0x0243AC	0x09	26	0x4315	0x43A2	1
0x0243AE	0x09	25	0x431D	0x43A2	1
0x0243B0	0x09	24	0x4328	0x43A2	1
0x0243B2	0x09	23	0x432E	0x43A2	1
0x0243B4	0x09	22	0x4333	0x43A2	1
0x0243B6	0x09	21	0x433C	0x43A2	1
0x0243B8	0x09	20	0x4344	0x43A2	1
0x0243BA	0x09	19	0x4349	0x43A2	1
0x0243BC	0x09	18	0x434C	0x43A2	1
0x0243BE	0x09	17	0x434F	0x43A2	1
0x0243C0	0x09	16	0x4352	0x43A2	1
0x0243C2	0x09	15	0x435B	0x43A2	1
0x0243C4	0x09	14	0x4362	0x43A2	1
0x0243C6	0x09	13	0x4369	0x43A2	1
0x0243C8	0x09	12	0x436C	0x43A2	1
0x0243CA	0x09	11	0x4371	0x43A2	1
0x0243CC	0x09	10	0x4375	0x43A2	1
0x0243CE	0x09	9	0x4378	0x43A2	1
0x0243D0	0x09	8	0x437B	0x43A2	1
0x026FB2	0x09	28	0x64ED	0x6FB1	1
0x026FB4	0x09	27	0x64EE	0x6FB1	1
0x026FB6	0x09	26	0x64F3	0x6FB1	1
0x026FB8	0x09	25	0x65D2	0x6FB1	1
0x026FBA	0x09	24	0x6677	0x6FB1	1
0x026FBC	0x09	23	0x681E	0x6FB1	1
0x026FBE	0x09	22	0x681F	0x6FB1	1
0x026FC0	0x09	21	0x68A8	0x6FB1	1
0x026FC2	0x09	20	0x68A9	0x6FB1	1
0x026FC4	0x09	19	0x68BB	0x6FB1	1
0x026FC6	0x09	18	0x69F9	0x6FB1	1
0x026FC8	0x09	17	0x6A90	0x6FB1	1
0x026FCA	0x09	16	0x6BAC	0x6FB1	1
0x026FCC	0x09	15	0x6BAD	0x6FB1	1
0x026FCE	0x09	14	0x6C04	0x6FB1	1
0x026FD0	0x09	13	0x6CD8	0x6FB1	1
0x026FD2	0x09	12	0x6D81	0x6FB1	1
0x026FD4	0x09	11	0x6D82	0x6FB1	1
0x026FD6	0x09	10	0x6D83	0x6FB1	1
0x026FD8	0x09	9	0x6DDA	0x6FB1	1
0x026FDA	0x09	8	0x6EE2	0x6FB1	1
0x033566	0x0C	27	0x4E8F	0x7877	0
0x033568	0x0C	26	0x504F	0x7877	0
0x03356A	0x0C	25	0x5251	0x7877	0
0x03356C	0x0C	24	0x534A	0x7877	0
0x03356E	0x0C	23	0x5554	0x7877	0
0x033570	0x0C	22	0x5756	0x7877	0
0x033572	0x0C	21	0x584B	0x7877	0
0x033574	0x0C	20	0x5A59	0x7877	0
0x033576	0x0C	19	0x5C5B	0x7877	0
0x033578	0x0C	18	0x5D4C	0x7877	0
0x03357A	0x0C	17	0x5F5E	0x7877	0
0x03357C	0x0C	16	0x6160	0x7877	0
0x03816A	0x0E	63	0x43CB	0x5446	0
0x03816C	0x0E	62	0x45BF	0x5446	0
0x03816E	0x0E	61	0x4412	0x5446	0
0x038170	0x0E	60	0x45CF	0x5446	0
0x038172	0x0E	59	0x45E0	0x5446	0
0x038174	0x0E	58	0x45F0	0x5446	0
0x038176	0x0E	57	0x45FF	0x5446	0
0x038178	0x0E	56	0x460E	0x5446	0
0x03817A	0x0E	55	0x4629	0x5446	0
0x03817C	0x0E	54	0x46D3	0x5446	0
0x03817E	0x0E	53	0x4358	0x5446	1
0x038180	0x0E	52	0x438E	0x5446	1
0x038182	0x0E	51	0x4440	0x5446	1
0x038184	0x0E	50	0x4472	0x5446	1
0x038186	0x0E	49	0x44C0	0x5446	1
0x038188	0x0E	48	0x44F0	0x5446	1
0x03818A	0x0E	47	0x453D	0x5446	1
0x03818C	0x0E	46	0x457E	0x5446	1
0x03818E	0x0E	45	0x458C	0x5446	1
0x038190	0x0E	44	0x4599	0x5446	1
0x038192	0x0E	43	0x470D	0x5446	1
0x038194	0x0E	42	0x4733	0x5446	1
0x038196	0x0E	41	0x475E	0x5446	1
0x038198	0x0E	40	0x477C	0x5446	1
0x03819A	0x0E	39	0x479B	0x5446	1
0x03819C	0x0E	38	0x47CD	0x5446	1
0x03819E	0x0E	37	0x47F5	0x5446	1
0x0381A0	0x0E	36	0x4824	0x5446	1
0x0381A2	0x0E	35	0x4831	0x5446	1
0x0381A4	0x0E	34	0x4848	0x5446	1
0x0381A6	0x0E	33	0x4896	0x5446	1
0x0381A8	0x0E	32	0x48A6	0x5446	1
0x0381AA	0x0E	31	0x48E5	0x5446	1
0x0381AC	0x0E	30	0x4925	0x5446	1
0x0381AE	0x0E	29	0x4941	0x5446	1
0x0381B0	0x0E	28	0x4976	0x5446	1
0x0381B2	0x0E	27	0x4985	0x5446	1
0x0381B4	0x0E	26	0x49AF	0x5446	1
0x0381B6	0x0E	25	0x49BE	0x5446	1
0x0381B8	0x0E	24	0x49E7	0x5446	1
0x0381BA	0x0E	23	0x4A0D	0x5446	1
0x0381BC	0x0E	22	0x4A3A	0x5446	1
0x0381BE	0x0E	21	0x4A53	0x5446	1
0x0381C0	0x0E	20	0x4AD0	0x5446	1
0x0381C2	0x0E	19	0x4B1B	0x5446	1
0x0381C4	0x0E	18	0x4B71	0x5446	1
0x0381C6	0x0E	17	0x4B85	0x5446	1
0x0381C8	0x0E	16	0x4C1E	0x5446	1
0x0381CA	0x0E	15	0x4C2D	0x5446	1
0x0381CC	0x0E	14	0x4CC6	0x5446	1
0x0381CE	0x0E	13	0x4D0C	0x5446	1
0x0381D0	0x0E	12	0x4DBA	0x5446	1
0x0381D2	0x0E	11	0x4DF5	0x5446	1
0x0381D4	0x0E	10	0x514C	0x5446	1
0x0381D6	0x0E	9	0x51A5	0x5446	1
0x0381D8	0x0E	8	0x524E	0x5446	1
0x038204	0x0E	15	0x4F6C	0x574C	1
0x038206	0x0E	14	0x4FB4	0x574C	1
0x038208	0x0E	13	0x5034	0x574C	1
0x03820A	0x0E	12	0x505B	0x574C	1
0x03820C	0x0E	11	0x5098	0x574C	1
0x03820E	0x0E	10	0x50A5	0x574C	1
0x038210	0x0E	9	0x50D8	0x574C	1
0x038212	0x0E	8	0x51D6	0x574C	1
0x038226	0x0E	14	0x56AB	0x5B68	1
0x038228	0x0E	13	0x5755	0x5B68	1
0x03822A	0x0E	12	0x579C	0x5B68	1
0x03822C	0x0E	11	0x5806	0x5B68	1
0x03822E	0x0E	10	0x5862	0x5B68	1
0x038230	0x0E	9	0x58A1	0x5B68	1
0x038232	0x0E	8	0x5921	0x5B68	1
0x038244	0x0E	30	0x5B7A	0x6785	1
0x038246	0x0E	29	0x5BB6	0x6785	1
0x038248	0x0E	28	0x5CCF	0x6785	1
0x03824A	0x0E	27	0x5D3A	0x6785	1
0x03824C	0x0E	26	0x5DB5	0x6785	1
0x03824E	0x0E	25	0x5E66	0x6785	1
0x038250	0x0E	24	0x5ECC	0x6785	1
0x038252	0x0E	23	0x5EF7	0x6785	1
0x038254	0x0E	22	0x5F83	0x6785	1
0x038256	0x0E	21	0x606C	0x6785	1
0x038258	0x0E	20	0x60AD	0x6785	1
0x03825A	0x0E	19	0x6137	0x6785	1
0x03825C	0x0E	18	0x6149	0x6785	1
0x03825E	0x0E	17	0x61B9	0x6785	1
0x038260	0x0E	16	0x61D3	0x6785	1
0x038262	0x0E	15	0x628B	0x6785	1
0x038264	0x0E	14	0x62EA	0x6785	1
0x038266	0x0E	13	0x6407	0x6785	1
0x038268	0x0E	12	0x6462	0x6785	1
0x03826A	0x0E	11	0x64B0	0x6785	1
0x03826C	0x0E	10	0x64D5	0x6785	1
0x03826E	0x0E	9	0x6559	0x6785	1
0x038270	0x0E	8	0x660D	0x6785	1
0x038282	0x0E	28	0x6796	0x7654	1
0x038284	0x0E	27	0x67A4	0x7654	1
0x038286	0x0E	26	0x67F1	0x7654	1
0x038288	0x0E	25	0x6825	0x7654	1
0x03828A	0x0E	24	0x684B	0x7654	1
0x03828C	0x0E	23	0x6876	0x7654	1
0x03828E	0x0E	22	0x6893	0x7654	1
0x038290	0x0E	21	0x68E1	0x7654	1
0x038292	0x0E	20	0x694A	0x7654	1
0x038294	0x0E	19	0x6995	0x7654	1
0x038296	0x0E	18	0x6A28	0x7654	1
0x038298	0x0E	17	0x6B08	0x7654	1
0x03829A	0x0E	16	0x6B51	0x7654	1
0x03829C	0x0E	15	0x6B88	0x7654	1
0x03829E	0x0E	14	0x6BC5	0x7654	1
0x0382A0	0x0E	13	0x6CB6	0x7654	1
0x0382A2	0x0E	12	0x723A	0x7654	1
0x0382A4	0x0E	11	0x727A	0x7654	1
0x0382A6	0x0E	10	0x72ED	0x7654	1
0x0382A8	0x0E	9	0x7300	0x7654	1
0x0382AA	0x0E	8	0x731A	0x7654	1
0x038302	0x0E	10	0x7B21	0x7D71	1
0x038304	0x0E	9	0x7B56	0x7D71	1
0x038306	0x0E	8	0x7B94	0x7D71	1
0x03831C	0x0E	10	0x4EE0	0x7F13	1
0x03831E	0x0E	9	0x7D9E	0x7F13	1
0x038320	0x0E	8	0x7DD8	0x7F13	1
0x038884	0x0E	12	0x6DB6	0x71B6	1
0x038886	0x0E	11	0x6DFA	0x71B6	1
0x038888	0x0E	10	0x6E23	0x71B6	1
0x03888A	0x0E	9	0x6E58	0x71B6	1
0x03888C	0x0E	8	0x6EAB	0x71B6	1
0x04CDD0	0x13	10	0x4DE4	0x4E5C	1
0x04CDD2	0x13	9	0x4DF6	0x4E5C	1
0x04CDD4	0x13	8	0x4E01	0x4E5C	1
0x04DD48	0x13	16	0x415E	0x7D5E	1
0x04DD4A	0x13	15	0x455E	0x7D5E	1
0x04DD4C	0x13	14	0x495E	0x7D5E	1
0x04DD4E	0x13	13	0x4D5E	0x7D5E	1
0x04DD50	0x13	12	0x515E	0x7D5E	1
0x04DD52	0x13	11	0x555E	0x7D5E	1
0x04DD54	0x13	10	0x595E	0x7D5E	1
0x04DD56	0x13	9	0x5D5E	0x7D5E	1
0x04DD58	0x13	8	0x615E	0x7D5E	1
0x054548	0x15	8	0x4558	0x4599	1
0x0581F0	0x16	8	0x4FD3	0x4FD3	1
0x067046	0x19	10	0x634F	0x6363	1
0x067048	0x19	9	0x6363	0x6363	1
0x06704A	0x19	8	0x6363	0x6363	1
0x07042C	0x1C	49	0x4598	0x7EF5	0
0x07042E	0x1C	48	0x45A3	0x7EF5	0
0x070430	0x1C	47	0x45A3	0x7EF5	0
0x070432	0x1C	46	0x45A3	0x7EF5	0
0x070434	0x1C	45	0x45A3	0x7EF5	0
0x070436	0x1C	44	0x45A3	0x7EF5	0
0x070438	0x1C	43	0x45A3	0x7EF5	0
0x07043A	0x1C	42	0x45BB	0x7EF5	0
0x07043C	0x1C	41	0x45C3	0x7EF5	0
0x07043E	0x1C	40	0x45CB	0x7EF5	0
0x070440	0x1C	39	0x46F4	0x7EF5	0
0x070442	0x1C	38	0x46F4	0x7EF5	0
0x070444	0x1C	37	0x45D4	0x7EF5	1
0x070446	0x1C	36	0x45EF	0x7EF5	1
0x070448	0x1C	35	0x45FD	0x7EF5	1
0x07044A	0x1C	34	0x4609	0x7EF5	1
0x07044C	0x1C	33	0x461E	0x7EF5	1
0x07044E	0x1C	32	0x4638	0x7EF5	1
0x070450	0x1C	31	0x463F	0x7EF5	1
0x070452	0x1C	30	0x4656	0x7EF5	1
0x070454	0x1C	29	0x4667	0x7EF5	1
0x070456	0x1C	28	0x4674	0x7EF5	1
0x070458	0x1C	27	0x4683	0x7EF5	1
0x07045A	0x1C	26	0x4690	0x7EF5	1
0x07045C	0x1C	25	0x46A0	0x7EF5	1
0x07045E	0x1C	24	0x46AD	0x7EF5	1
0x070460	0x1C	23	0x46BA	0x7EF5	1
0x070462	0x1C	22	0x46CC	0x7EF5	1
0x070464	0x1C	21	0x46D9	0x7EF5	1
0x070466	0x1C	20	0x46E6	0x7EF5	1
0x070468	0x1C	19	0x46F4	0x7EF5	1
0x07046A	0x1C	18	0x46F4	0x7EF5	1
0x07046C	0x1C	17	0x46F4	0x7EF5	1
0x07046E	0x1C	16	0x46F4	0x7EF5	1
0x070470	0x1C	15	0x46F4	0x7EF5	1
0x070472	0x1C	14	0x46F4	0x7EF5	1
0x070474	0x1C	13	0x46F4	0x7EF5	1
0x070476	0x1C	12	0x46F4	0x7EF5	1
0x070478	0x1C	11	0x46F4	0x7EF5	1
0x07047A	0x1C	10	0x46F4	0x7EF5	1
0x07047C	0x1C	9	0x46F4	0x7EF5	1
0x07047E	0x1C	8	0x46F4	0x7EF5	1
0x070CDA	0x1C	20	0x4D02	0x4D82	0
0x070CDC	0x1C	19	0x4D12	0x4D82	0
0x070CDE	0x1C	18	0x4D22	0x4D82	0
0x070CE0	0x1C	17	0x4D32	0x4D82	0
0x070CE2	0x1C	16	0x4D42	0x4D82	0
0x070DF2	0x1C	52	0x4E60	0x4E5A	0
0x070DF4	0x1C	51	0x4E67	0x4E5A	0
0x070DF6	0x1C	50	0x4E6E	0x4E5A	0
0x070DF8	0x1C	49	0x4E77	0x4E5A	0
0x070DFA	0x1C	48	0x4E80	0x4E5A	0
0x070DFC	0x1C	47	0x4E89	0x4E5A	0
0x070DFE	0x1C	46	0x4E93	0x4E5A	0
0x070E00	0x1C	45	0x4E9D	0x4E5A	0
0x070E02	0x1C	44	0x4EA5	0x4E5A	0
0x070E04	0x1C	43	0x4EAD	0x4E5A	0
0x070E06	0x1C	42	0x4ECF	0x4E5A	0
0x070E08	0x1C	41	0x4ED5	0x4E5A	0
0x070E0A	0x1C	40	0x4EF2	0x4E5A	0
0x070E0C	0x1C	39	0x4EF9	0x4E5A	0
0x070E0E	0x1C	38	0x4F00	0x4E5A	0
0x070E10	0x1C	37	0x4F0A	0x4E5A	0
0x070E12	0x1C	36	0x4F14	0x4E5A	0
0x070E14	0x1C	35	0x4F1E	0x4E5A	0
0x070E16	0x1C	34	0x4F28	0x4E5A	0
0x070E18	0x1C	33	0x4F2F	0x4E5A	0
0x070E1A	0x1C	32	0x4F36	0x4E5A	0
0x070E1C	0x1C	31	0x4F3D	0x4E5A	0
0x070E1E	0x1C	30	0x4F57	0x4E5A	0
0x070E20	0x1C	29	0x4F62	0x4E5A	0
0x070E22	0x1C	28	0x4F82	0x4E5A	0
0x070E24	0x1C	27	0x4F9A	0x4E5A	0
0x070E26	0x1C	26	0x4E5A	0x4E5A	1
0x070E28	0x1C	25	0x4E5A	0x4E5A	1
0x070E2A	0x1C	24	0x4E5A	0x4E5A	1
0x070E2C	0x1C	23	0x4E5A	0x4E5A	1
0x070E2E	0x1C	22	0x4E5A	0x4E5A	1
0x070E30	0x1C	21	0x4E5A	0x4E5A	1
0x070E32	0x1C	20	0x4E5A	0x4E5A	1
0x070E34	0x1C	19	0x4E5A	0x4E5A	1
0x070E36	0x1C	18	0x4E5A	0x4E5A	1
0x070E38	0x1C	17	0x4E5A	0x4E5A	1
0x070E3A	0x1C	16	0x4E5A	0x4E5A	1
0x070E3C	0x1C	15	0x4E5A	0x4E5A	1
0x070E3E	0x1C	14	0x4E5A	0x4E5A	1
0x070E40	0x1C	13	0x4E5A	0x4E5A	1
0x070E42	0x1C	12	0x4E5A	0x4E5A	1
0x070E44	0x1C	11	0x4E5A	0x4E5A	1
0x070E46	0x1C	10	0x4E5A	0x4E5A	1
0x070E48	0x1C	9	0x4E5A	0x4E5A	1
0x070E4A	0x1C	8	0x4E5A	0x4E5A	1
0x070FB2	0x1C	27	0x4FE8	0x5179	1
0x070FB4	0x1C	26	0x4FEB	0x5179	1
0x070FB6	0x1C	25	0x4FF9	0x5179	1
0x070FB8	0x1C	24	0x5013	0x5179	1
0x070FBA	0x1C	23	0x501C	0x5179	1
0x070FBC	0x1C	22	0x5029	0x5179	1
0x070FBE	0x1C	21	0x5032	0x5179	1
0x070FC0	0x1C	20	0x503F	0x5179	1
0x070FC2	0x1C	19	0x504F	0x5179	1
0x070FC4	0x1C	18	0x505F	0x5179	1
0x070FC6	0x1C	17	0x506A	0x5179	1
0x070FC8	0x1C	16	0x508B	0x5179	1
0x070FCA	0x1C	15	0x509B	0x5179	1
0x070FCC	0x1C	14	0x50A7	0x5179	1
0x070FCE	0x1C	13	0x50B3	0x5179	1
0x070FD0	0x1C	12	0x50CE	0x5179	1
0x070FD2	0x1C	11	0x50DA	0x5179	1
0x070FD4	0x1C	10	0x50EA	0x5179	1
0x070FD6	0x1C	9	0x50F4	0x5179	1
0x070FD8	0x1C	8	0x5105	0x5179	1
0x07120C	0x1C	8	0x471C	0x7E52	1
0x07442C	0x1D	49	0x4598	0x7EF5	0
0x07442E	0x1D	48	0x45A3	0x7EF5	0
0x074430	0x1D	47	0x45A3	0x7EF5	0
0x074432	0x1D	46	0x45A3	0x7EF5	0
0x074434	0x1D	45	0x45A3	0x7EF5	0
0x074436	0x1D	44	0x45A3	0x7EF5	0
0x074438	0x1D	43	0x45A3	0x7EF5	0
0x07443A	0x1D	42	0x45BB	0x7EF5	0
0x07443C	0x1D	41	0x45C3	0x7EF5	0
0x07443E	0x1D	40	0x45CB	0x7EF5	0
0x074440	0x1D	39	0x46F4	0x7EF5	0
0x074442	0x1D	38	0x46F4	0x7EF5	0
0x074444	0x1D	37	0x45D4	0x7EF5	1
0x074446	0x1D	36	0x45EF	0x7EF5	1
0x074448	0x1D	35	0x45FD	0x7EF5	1
0x07444A	0x1D	34	0x4609	0x7EF5	1
0x07444C	0x1D	33	0x461E	0x7EF5	1
0x07444E	0x1D	32	0x4638	0x7EF5	1
0x074450	0x1D	31	0x463F	0x7EF5	1
0x074452	0x1D	30	0x4656	0x7EF5	1
0x074454	0x1D	29	0x4667	0x7EF5	1
0x074456	0x1D	28	0x4674	0x7EF5	1
0x074458	0x1D	27	0x4683	0x7EF5	1
0x07445A	0x1D	26	0x4690	0x7EF5	1
0x07445C	0x1D	25	0x46A0	0x7EF5	1
0x07445E	0x1D	24	0x46AD	0x7EF5	1
0x074460	0x1D	23	0x46BA	0x7EF5	1
0x074462	0x1D	22	0x46CC	0x7EF5	1
0x074464	0x1D	21	0x46D9	0x7EF5	1
0x074466	0x1D	20	0x46E6	0x7EF5	1
0x074468	0x1D	19	0x46F4	0x7EF5	1
0x07446A	0x1D	18	0x46F4	0x7EF5	1
0x07446C	0x1D	17	0x46F4	0x7EF5	1
0x07446E	0x1D	16	0x46F4	0x7EF5	1
0x074470	0x1D	15	0x46F4	0x7EF5	1
0x074472	0x1D	14	0x46F4	0x7EF5	1
0x074474	0x1D	13	0x46F4	0x7EF5	1
0x074476	0x1D	12	0x46F4	0x7EF5	1
0x074478	0x1D	11	0x46F4	0x7EF5	1
0x07447A	0x1D	10	0x46F4	0x7EF5	1
0x07447C	0x1D	9	0x46F4	0x7EF5	1
0x07447E	0x1D	8	0x46F4	0x7EF5	1
0x074CDA	0x1D	20	0x4D02	0x4D82	0
0x074CDC	0x1D	19	0x4D12	0x4D82	0
0x074CDE	0x1D	18	0x4D22	0x4D82	0
0x074CE0	0x1D	17	0x4D32	0x4D82	0
0x074CE2	0x1D	16	0x4D42	0x4D82	0
0x074DF2	0x1D	52	0x4E60	0x4E5A	0
0x074DF4	0x1D	51	0x4E67	0x4E5A	0
0x074DF6	0x1D	50	0x4E6E	0x4E5A	0
0x074DF8	0x1D	49	0x4E77	0x4E5A	0
0x074DFA	0x1D	48	0x4E80	0x4E5A	0
0x074DFC	0x1D	47	0x4E89	0x4E5A	0
0x074DFE	0x1D	46	0x4E93	0x4E5A	0
0x074E00	0x1D	45	0x4E9D	0x4E5A	0
0x074E02	0x1D	44	0x4EA5	0x4E5A	0
0x074E04	0x1D	43	0x4EAD	0x4E5A	0
0x074E06	0x1D	42	0x4ECF	0x4E5A	0
0x074E08	0x1D	41	0x4ED5	0x4E5A	0
0x074E0A	0x1D	40	0x4EF2	0x4E5A	0
0x074E0C	0x1D	39	0x4EF9	0x4E5A	0
0x074E0E	0x1D	38	0x4F00	0x4E5A	0
0x074E10	0x1D	37	0x4F0A	0x4E5A	0
0x074E12	0x1D	36	0x4F14	0x4E5A	0
0x074E14	0x1D	35	0x4F1E	0x4E5A	0
0x074E16	0x1D	34	0x4F28	0x4E5A	0
0x074E18	0x1D	33	0x4F2F	0x4E5A	0
0x074E1A	0x1D	32	0x4F36	0x4E5A	0
0x074E1C	0x1D	31	0x4F3D	0x4E5A	0
0x074E1E	0x1D	30	0x4F57	0x4E5A	0
0x074E20	0x1D	29	0x4F62	0x4E5A	0
0x074E22	0x1D	28	0x4F82	0x4E5A	0
0x074E24	0x1D	27	0x4F9A	0x4E5A	0
0x074E26	0x1D	26	0x4E5A	0x4E5A	1
0x074E28	0x1D	25	0x4E5A	0x4E5A	1
0x074E2A	0x1D	24	0x4E5A	0x4E5A	1
0x074E2C	0x1D	23	0x4E5A	0x4E5A	1
0x074E2E	0x1D	22	0x4E5A	0x4E5A	1
0x074E30	0x1D	21	0x4E5A	0x4E5A	1
0x074E32	0x1D	20	0x4E5A	0x4E5A	1
0x074E34	0x1D	19	0x4E5A	0x4E5A	1
0x074E36	0x1D	18	0x4E5A	0x4E5A	1
0x074E38	0x1D	17	0x4E5A	0x4E5A	1
0x074E3A	0x1D	16	0x4E5A	0x4E5A	1
0x074E3C	0x1D	15	0x4E5A	0x4E5A	1
0x074E3E	0x1D	14	0x4E5A	0x4E5A	1
0x074E40	0x1D	13	0x4E5A	0x4E5A	1
0x074E42	0x1D	12	0x4E5A	0x4E5A	1
0x074E44	0x1D	11	0x4E5A	0x4E5A	1
0x074E46	0x1D	10	0x4E5A	0x4E5A	1
0x074E48	0x1D	9	0x4E5A	0x4E5A	1
0x074E4A	0x1D	8	0x4E5A	0x4E5A	1
0x074FB2	0x1D	27	0x4FE8	0x5179	1
0x074FB4	0x1D	26	0x4FEB	0x5179	1
0x074FB6	0x1D	25	0x4FF9	0x5179	1
0x074FB8	0x1D	24	0x5013	0x5179	1
0x074FBA	0x1D	23	0x501C	0x5179	1
0x074FBC	0x1D	22	0x5029	0x5179	1
0x074FBE	0x1D	21	0x5032	0x5179	1
0x074FC0	0x1D	20	0x503F	0x5179	1
0x074FC2	0x1D	19	0x504F	0x5179	1
0x074FC4	0x1D	18	0x505F	0x5179	1
0x074FC6	0x1D	17	0x506A	0x5179	1
0x074FC8	0x1D	16	0x508B	0x5179	1
0x074FCA	0x1D	15	0x509B	0x5179	1
0x074FCC	0x1D	14	0x50A7	0x5179	1
0x074FCE	0x1D	13	0x50B3	0x5179	1
0x074FD0	0x1D	12	0x50CE	0x5179	1
0x074FD2	0x1D	11	0x50DA	0x5179	1
0x074FD4	0x1D	10	0x50EA	0x5179	1
0x074FD6	0x1D	9	0x50F4	0x5179	1
0x074FD8	0x1D	8	0x5105	0x5179	1
0x076A90	0x1D	9	0x696C	0x7F6B	1
0x076A92	0x1D	8	0x6A6B	0x7F6B	1
0x076B20	0x1D	21	0x416C	0x7F6C	1
0x076B22	0x1D	20	0x446C	0x7F6C	1
0x076B24	0x1D	19	0x476C	0x7F6C	1
0x076B26	0x1D	18	0x4A6C	0x7F6C	1
0x076B28	0x1D	17	0x4D6C	0x7F6C	1
0x076B2A	0x1D	16	0x506C	0x7F6C	1
0x076B2C	0x1D	15	0x536C	0x7F6C	1
0x076B2E	0x1D	14	0x566C	0x7F6C	1
0x076B30	0x1D	13	0x596C	0x7F6C	1
0x076B32	0x1D	12	0x5C6C	0x7F6C	1
0x076B34	0x1D	11	0x616C	0x7F6C	1
0x076B36	0x1D	10	0x646C	0x7F6C	1
0x076B38	0x1D	9	0x676C	0x7F6C	1
0x076B3A	0x1D	8	0x6A6C	0x7F6C	1
0x078096	0x1E	53	0x7DC7	0x6CA4	0
0x078098	0x1E	52	0x7F2A	0x6CA4	0
0x07809A	0x1E	51	0x7E72	0x6CA4	0
0x07809C	0x1E	50	0x7EFF	0x6CA4	0
0x07809E	0x1E	49	0x7E8B	0x6CA4	0
0x0780A0	0x1E	48	0x725B	0x6CA4	0
0x0780A2	0x1E	47	0x665C	0x6CA4	0
0x0780A4	0x1E	46	0x772B	0x6CA4	0
0x0780A6	0x1E	45	0x7848	0x6CA4	0
0x0780A8	0x1E	44	0x785E	0x6CA4	0
0x0780AA	0x1E	43	0x793A	0x6CA4	0
0x0780AC	0x1E	42	0x78EB	0x6CA4	0
0x0780AE	0x1E	41	0x7DEC	0x6CA4	0
0x0780B0	0x1E	40	0x7DFE	0x6CA4	0
0x0780B2	0x1E	39	0x7E3E	0x6CA4	0
0x0780B4	0x1E	38	0x7D42	0x6CA4	0
0x0780B6	0x1E	37	0x7D5B	0x6CA4	0
0x0780B8	0x1E	36	0x7767	0x6CA4	0
0x0780BA	0x1E	35	0x7DAA	0x6CA4	0
0x0780BC	0x1E	34	0x77A9	0x6CA4	0
0x0780BE	0x1E	33	0x7776	0x6CA4	0
0x0780C0	0x1E	32	0x6D2A	0x6CA4	0
0x0780C2	0x1E	31	0x721D	0x6CA4	0
0x0780C4	0x1E	30	0x6D4E	0x6CA4	0
0x0780C6	0x1E	29	0x6D6D	0x6CA4	0
0x0780C8	0x1E	28	0x6DDF	0x6CA4	0
0x0780CA	0x1E	27	0x6E29	0x6CA4	0
0x0780CC	0x1E	26	0x6F61	0x6CA4	0
0x0780CE	0x1E	25	0x6F75	0x6CA4	0
0x0780D0	0x1E	24	0x6F8A	0x6CA4	0
0x0780D2	0x1E	23	0x6F96	0x6CA4	0
0x0780D4	0x1E	22	0x6FD5	0x6CA4	0
0x0780D6	0x1E	21	0x6FE6	0x6CA4	0
0x0780D8	0x1E	20	0x7148	0x6CA4	0
0x0780DA	0x1E	19	0x70B5	0x6CA4	0
0x0780DC	0x1E	18	0x71E1	0x6CA4	0
0x0780DE	0x1E	17	0x7133	0x6CA4	0
0x0780E0	0x1E	16	0x6E86	0x6CA4	0
0x07BC68	0x1E	19	0x6109	0x7F20	1
0x07BC6A	0x1E	18	0x6362	0x7F20	1
0x07BC6C	0x1E	17	0x6564	0x7F20	1
0x07BC6E	0x1E	16	0x6620	0x7F20	1
0x07BC70	0x1E	15	0x6867	0x7F20	1
0x07BC72	0x1E	14	0x6A69	0x7F20	1
0x07BC74	0x1E	13	0x6B20	0x7F20	1
0x07BC76	0x1E	12	0x6D6C	0x7F20	1
0x07BC78	0x1E	11	0x6F6E	0x7F20	1
0x07BC7A	0x1E	10	0x7020	0x7F20	1
0x07BC7C	0x1E	9	0x7271	0x7F20	1
0x07BC7E	0x1E	8	0x7473	0x7F20	1
0x07C000	0x1F	89	0x5267	0x617C	0
0x07C002	0x1F	88	0x526E	0x617C	0
0x07C004	0x1F	87	0x5275	0x617C	0
0x07C006	0x1F	86	0x527C	0x617C	0
0x07C008	0x1F	85	0x5283	0x617C	0
0x07C00A	0x1F	84	0x52B3	0x617C	0
0x07C00C	0x1F	83	0x52C8	0x617C	0
0x07C00E	0x1F	82	0x52DE	0x617C	0
0x07C010	0x1F	81	0x52E0	0x617C	0
0x07C012	0x1F	80	0x52E7	0x617C	0
0x07C014	0x1F	79	0x5322	0x617C	0
0x07C016	0x1F	78	0x5382	0x617C	0
0x07C018	0x1F	77	0x538C	0x617C	0
0x07C01A	0x1F	76	0x53BC	0x617C	0
0x07C01C	0x1F	75	0x5391	0x617C	0
0x07C01E	0x1F	74	0x496E	0x617C	0
0x07C020	0x1F	73	0x61E8	0x617C	0
0x07C022	0x1F	72	0x61C0	0x617C	0
0x07C024	0x1F	71	0x62D8	0x617C	0
0x07C026	0x1F	70	0x6320	0x617C	0
0x07C028	0x1F	69	0x6486	0x617C	0
0x07C02A	0x1F	68	0x6497	0x617C	0
0x07C02C	0x1F	67	0x6373	0x617C	0
0x07C02E	0x1F	66	0x644D	0x617C	0
0x07C030	0x1F	65	0x64AA	0x617C	0
0x07C032	0x1F	64	0x64D2	0x617C	0
0x07C034	0x1F	63	0x62FD	0x617C	0
0x07C036	0x1F	62	0x632F	0x617C	0
0x07C038	0x1F	61	0x64F4	0x617C	0
0x07C03A	0x1F	60	0x6523	0x617C	0
0x07C03C	0x1F	59	0x6225	0x617C	0
0x07C03E	0x1F	58	0x417E	0x617C	0
0x07C040	0x1F	57	0x54E0	0x617C	0
0x07C042	0x1F	56	0x53C9	0x617C	0
0x07C044	0x1F	55	0x53F9	0x617C	0
0x07C046	0x1F	54	0x5486	0x617C	0
0x07C048	0x1F	53	0x55A6	0x617C	0
0x07C04A	0x1F	52	0x55DA	0x617C	0
0x07C04C	0x1F	51	0x55E7	0x617C	0
0x07C04E	0x1F	50	0x5B91	0x617C	0
0x07C050	0x1F	49	0x417E	0x617C	0
0x07C052	0x1F	48	0x417E	0x617C	0
0x07C054	0x1F	47	0x417E	0x617C	0
0x07C056	0x1F	46	0x6610	0x617C	0
0x07C058	0x1F	45	0x66BD	0x617C	0
0x07C05A	0x1F	44	0x675B	0x617C	0
0x07C05C	0x1F	43	0x6556	0x617C	0
0x07C05E	0x1F	42	0x6640	0x617C	0
0x07C060	0x1F	41	0x5FF6	0x617C	0
0x07C062	0x1F	40	0x60B5	0x617C	0
0x07C064	0x1F	39	0x417E	0x617C	0
0x07C066	0x1F	38	0x5753	0x617C	0
0x07C068	0x1F	37	0x578E	0x617C	0
0x07C06A	0x1F	36	0x58D7	0x617C	0
0x07C06C	0x1F	35	0x6064	0x617C	0
0x07C06E	0x1F	34	0x58FC	0x617C	0
0x07C070	0x1F	33	0x5905	0x617C	0
0x07C072	0x1F	32	0x59F9	0x617C	0
0x07C074	0x1F	31	0x5689	0x617C	0
0x07C076	0x1F	30	0x593E	0x617C	0
0x07C078	0x1F	29	0x4100	0x617C	0
0x07C07A	0x1F	28	0x5918	0x617C	0
0x07C07C	0x1F	27	0x598C	0x617C	0
0x07C07E	0x1F	26	0x5E32	0x617C	0
0x07C080	0x1F	25	0x5DE6	0x617C	0
0x07C082	0x1F	24	0x5E0C	0x617C	0
0x07C084	0x1F	23	0x6A15	0x617C	0
0x07C086	0x1F	22	0x4EAF	0x617C	0
0x07C088	0x1F	21	0x58C8	0x617C	0
0x07C08A	0x1F	20	0x56CC	0x617C	0
0x07C08C	0x1F	19	0x5738	0x617C	0
0x07C08E	0x1F	18	0x5724	0x617C	0
0x07C090	0x1F	17	0x591F	0x617C	0
0x07C092	0x1F	16	0x5C58	0x617C	0
0x07C09C	0x1F	11	0x417E	0x617C	1
0x07C09E	0x1F	10	0x417E	0x617C	1
0x07C0A0	0x1F	9	0x417E	0x617C	1
0x07C0A2	0x1F	8	0x417E	0x617C	1
0x07C0B4	0x1F	38	0x6168	0x4E36	0
0x07C0B6	0x1F	37	0x60D2	0x4E36	0
0x07C0B8	0x1F	36	0x60C2	0x4E36	0
0x07C0BA	0x1F	35	0x417E	0x4E36	0
0x07C0BC	0x1F	34	0x417E	0x4E36	0
0x07C0BE	0x1F	33	0x417E	0x4E36	0
0x07C0C0	0x1F	32	0x4437	0x4E36	0
0x07C0C2	0x1F	31	0x4456	0x4E36	0
0x07C0C4	0x1F	30	0x454A	0x4E36	0
0x07C0C6	0x1F	29	0x4566	0x4E36	0
0x07C0C8	0x1F	28	0x4577	0x4E36	0
0x07C0CA	0x1F	27	0x45CA	0x4E36	0
0x07C0CC	0x1F	26	0x45DA	0x4E36	0
0x07C0CE	0x1F	25	0x47B7	0x4E36	0
0x07C0D0	0x1F	24	0x49DE	0x4E36	0
0x07C0D2	0x1F	23	0x4AA0	0x4E36	0
0x07C0D4	0x1F	22	0x4B98	0x4E36	0
0x07C0D6	0x1F	21	0x4C9A	0x4E36	0
0x07C0D8	0x1F	20	0x4CA9	0x4E36	0
0x07C0DA	0x1F	19	0x4CF1	0x4E36	0
0x07C0DC	0x1F	18	0x417E	0x4E36	0
0x07C0DE	0x1F	17	0x48EC	0x4E36	0
0x07C0E0	0x1F	16	0x4BED	0x4E36	0
0x07DA42	0x1F	38	0x5B40	0x5ACD	0
0x07DA44	0x1F	37	0x5B50	0x5ACD	0
0x07DA46	0x1F	36	0x5B47	0x5ACD	0
0x07DA48	0x1F	35	0x5B61	0x5ACD	0
0x07DA4A	0x1F	34	0x5AD4	0x5ACD	0
0x07DA4C	0x1F	33	0x5A8E	0x5ACD	0
0x07DA4E	0x1F	32	0x5A94	0x5ACD	0
0x07DA50	0x1F	31	0x5B0D	0x5ACD	0
0x07DA52	0x1F	30	0x5AEA	0x5ACD	0
0x07DA54	0x1F	29	0x5A41	0x5ACD	0
0x07DA56	0x1F	28	0x5B39	0x5ACD	0
0x07DA58	0x1F	27	0x5B15	0x5ACD	0
0x07DA5A	0x1F	26	0x5B45	0x5ACD	0
0x07DA5C	0x1F	25	0x5A9A	0x5ACD	0
0x07DA5E	0x1F	24	0x5A9D	0x5ACD	0
0x07DA60	0x1F	23	0x5B72	0x5ACD	0
0x07DA62	0x1F	22	0x5B81	0x5ACD	0
0x07DA64	0x1F	21	0x5B7B	0x5ACD	0
0x07DA66	0x1F	20	0x5B8A	0x5ACD	0
0x07DA68	0x1F	19	0x5A41	0x5ACD	0
0x07DA6A	0x1F	18	0x5A8E	0x5ACD	0
0x07DA6C	0x1F	17	0x5A94	0x5ACD	0
0x07DA6E	0x1F	16	0x5B67	0x5ACD	0
0x07DA7A	0x1F	10	0x5A9A	0x5ACD	1
0x07DA7C	0x1F	9	0x5A9D	0x5ACD	1
0x07DA7E	0x1F	8	0x5AA0	0x5ACD	1
0x07F7D4	0x1F	8	0x583A	0x5850	1
0x08C06A	0x23	20	0x4092	0x6349	1
0x08C06C	0x23	19	0x424F	0x6349	1
0x08C06E	0x23	18	0x4424	0x6349	1
0x08C070	0x23	17	0x45F9	0x6349	1
0x08C072	0x23	16	0x47CE	0x6349	1
0x08C074	0x23	15	0x49A3	0x6349	1
0x08C076	0x23	14	0x4B78	0x6349	1
0x08C078	0x23	13	0x4D4D	0x6349	1
0x08C07A	0x23	12	0x4F22	0x6349	1
0x08C07C	0x23	11	0x50F7	0x6349	1
0x08C07E	0x23	10	0x52CC	0x6349	1
0x08C080	0x23	9	0x54A1	0x6349	1
0x08C082	0x23	8	0x5676	0x6349	1
0x0938F4	0x24	45	0x4035	0x7EFC	1
0x0938F6	0x24	44	0x41A2	0x7EFC	1
0x0938F8	0x24	43	0x430F	0x7EFC	1
0x0938FA	0x24	42	0x447C	0x7EFC	1
0x0938FC	0x24	41	0x45EA	0x7EFC	1
0x0938FE	0x24	40	0x4757	0x7EFC	1
0x093900	0x24	39	0x48C4	0x7EFC	1
0x093902	0x24	38	0x4A31	0x7EFC	1
0x093904	0x24	37	0x4B9F	0x7EFC	1
0x093906	0x24	36	0x4D0C	0x7EFC	1
0x093908	0x24	35	0x4E79	0x7EFC	1
0x09390A	0x24	34	0x4FE6	0x7EFC	1
0x09390C	0x24	33	0x5154	0x7EFC	1
0x09390E	0x24	32	0x52C1	0x7EFC	1
0x093910	0x24	31	0x542E	0x7EFC	1
0x093912	0x24	30	0x559B	0x7EFC	1
0x093914	0x24	29	0x5709	0x7EFC	1
0x093916	0x24	28	0x5876	0x7EFC	1
0x093918	0x24	27	0x59E3	0x7EFC	1
0x09391A	0x24	26	0x5B50	0x7EFC	1
0x09391C	0x24	25	0x5CBE	0x7EFC	1
0x09391E	0x24	24	0x5E2B	0x7EFC	1
0x093920	0x24	23	0x5F98	0x7EFC	1
0x093922	0x24	22	0x6105	0x7EFC	1
0x093924	0x24	21	0x6273	0x7EFC	1
0x093926	0x24	20	0x63E0	0x7EFC	1
0x093928	0x24	19	0x654D	0x7EFC	1
0x09392A	0x24	18	0x66BA	0x7EFC	1
0x09392C	0x24	17	0x6828	0x7EFC	1
0x09392E	0x24	16	0x6995	0x7EFC	1
0x093930	0x24	15	0x6B02	0x7EFC	1
0x093932	0x24	14	0x6C6F	0x7EFC	1
0x093934	0x24	13	0x6DDD	0x7EFC	1
0x093936	0x24	12	0x6F4A	0x7EFC	1
0x093938	0x24	11	0x70B7	0x7EFC	1
0x09393A	0x24	10	0x7224	0x7EFC	1
0x09393C	0x24	9	0x7392	0x7EFC	1
0x09393E	0x24	8	0x74FF	0x7EFC	1
0x0E1FF2	0x38	22	0x601E	0x60EF	1
0x0E1FF4	0x38	21	0x6027	0x60EF	1
0x0E1FF6	0x38	20	0x6031	0x60EF	1
0x0E1FF8	0x38	19	0x603A	0x60EF	1
0x0E1FFA	0x38	18	0x6044	0x60EF	1
0x0E1FFC	0x38	17	0x604D	0x60EF	1
0x0E1FFE	0x38	16	0x6056	0x60EF	1
0x0E2000	0x38	15	0x6060	0x60EF	1
0x0E2002	0x38	14	0x6069	0x60EF	1
0x0E2004	0x38	13	0x6074	0x60EF	1
0x0E2006	0x38	12	0x607D	0x60EF	1
0x0E2008	0x38	11	0x6088	0x60EF	1
0x0E200A	0x38	10	0x6095	0x60EF	1
0x0E200C	0x38	9	0x609E	0x60EF	1
0x0E200E	0x38	8	0x60A7	0x60EF	1
0x0E2B78	0x38	8	0x5F00	0x7D6A	1
0x0E2C02	0x38	11	0x4B00	0x736B	1
0x0E2C04	0x38	10	0x4F6B	0x736B	1
0x0E2C06	0x38	9	0x536B	0x736B	1
0x0E2C08	0x38	8	0x576B	0x736B	1
0x0E4AA0	0x39	8	0x5C5F	0x5C5F	1
0x0E4AE0	0x39	8	0x5C5F	0x5C5F	1
0x0E4BB0	0x39	12	0x5555	0x5555	1
0x0E4BB2	0x39	11	0x5555	0x5555	1
0x0E4BB4	0x39	10	0x5555	0x5555	1
0x0E4BB6	0x39	9	0x5555	0x5555	1
0x0E4BB8	0x39	8	0x5555	0x5555	1
0x0E4C30	0x39	8	0x724E	0x724E	1
0x0FC210	0x3F	27	0x403F	0x7F7E	1
0x0FC212	0x3F	26	0x4342	0x7F7E	1
0x0FC214	0x3F	25	0x4645	0x7F7E	1
0x0FC216	0x3F	24	0x4847	0x7F7E	1
0x0FC218	0x3F	23	0x4A49	0x7F7E	1
0x0FC21A	0x3F	22	0x4C4B	0x7F7E	1
0x0FC21C	0x3F	21	0x4E4D	0x7F7E	1
0x0FC21E	0x3F	20	0x504F	0x7F7E	1
0x0FC220	0x3F	19	0x5251	0x7F7E	1
0x0FC222	0x3F	18	0x5554	0x7F7E	1
0x0FC224	0x3F	17	0x5A56	0x7F7E	1
0x0FC226	0x3F	16	0x5C5B	0x7F7E	1
0x0FC228	0x3F	15	0x5E5D	0x7F7E	1
0x0FC22A	0x3F	14	0x615F	0x7F7E	1
0x0FC22C	0x3F	13	0x6362	0x7F7E	1
0x0FC22E	0x3F	12	0x6665	0x7F7E	1
0x0FC230	0x3F	11	0x6968	0x7F7E	1
0x0FC232	0x3F	10	0x6C6B	0x7F7E	1
0x0FC234	0x3F	9	0x6E6D	0x7F7E	1
0x0FC236	0x3F	8	0x706F	0x7F7E	1
0x0FEDB6	0x3F	66	0x41D0	0x6210	0
0x0FEDB8	0x3F	65	0x40D0	0x6210	0
0x0FEDBA	0x3F	64	0x62D0	0x6210	0
0x0FEDBC	0x3F	63	0x6210	0x6210	1
0x0FEDBE	0x3F	62	0x6210	0x6210	1
0x0FEDC0	0x3F	61	0x6210	0x6210	1
0x0FEDC2	0x3F	60	0x6210	0x6210	1
0x0FEDC4	0x3F	59	0x6210	0x6210	1
0x0FEDC6	0x3F	58	0x6210	0x6210	1
0x0FEDC8	0x3F	57	0x6210	0x6210	1
0x0FEDCA	0x3F	56	0x6210	0x6210	1
0x0FEDCC	0x3F	55	0x6210	0x6210	1
0x0FEDCE	0x3F	54	0x6210	0x6210	1
0x0FEDD0	0x3F	53	0x6210	0x6210	1
0x0FEDD2	0x3F	52	0x6210	0x6210	1
0x0FEDD4	0x3F	51	0x6210	0x6210	1
0x0FEDD6	0x3F	50	0x6210	0x6210	1
0x0FEDD8	0x3F	49	0x6210	0x6210	1
0x0FEDDA	0x3F	48	0x6210	0x6210	1
0x0FEDDC	0x3F	47	0x6210	0x6210	1
0x0FEDDE	0x3F	46	0x6210	0x6210	1
0x0FEDE0	0x3F	45	0x6210	0x6210	1
0x0FEDE2	0x3F	44	0x6210	0x6210	1
0x0FEDE4	0x3F	43	0x6210	0x6210	1
0x0FEDE6	0x3F	42	0x6210	0x6210	1
0x0FEDE8	0x3F	41	0x6210	0x6210	1
0x0FEDEA	0x3F	40	0x6210	0x6210	1
0x0FEDEC	0x3F	39	0x6210	0x6210	1
0x0FEDEE	0x3F	38	0x6210	0x6210	1
0x0FEDF0	0x3F	37	0x6210	0x6210	1
0x0FEDF2	0x3F	36	0x6210	0x6210	1
0x0FEDF4	0x3F	35	0x6210	0x6210	1
0x0FEDF6	0x3F	34	0x6210	0x6210	1
0x0FEDF8	0x3F	33	0x6210	0x6210	1
0x0FEDFA	0x3F	32	0x6210	0x6210	1
0x0FEDFC	0x3F	31	0x6210	0x6210	1
0x0FEDFE	0x3F	30	0x6210	0x6210	1
0x0FEE00	0x3F	29	0x6210	0x6210	1
0x0FEE02	0x3F	28	0x6210	0x6210	1
0x0FEE04	0x3F	27	0x6210	0x6210	1
0x0FEE06	0x3F	26	0x6210	0x6210	1
0x0FEE08	0x3F	25	0x6210	0x6210	1
0x0FEE0A	0x3F	24	0x6210	0x6210	1
0x0FEE0C	0x3F	23	0x6210	0x6210	1
0x0FEE0E	0x3F	22	0x6210	0x6210	1
0x0FEE10	0x3F	21	0x6210	0x6210	1
0x0FEE12	0x3F	20	0x6210	0x6210	1
0x0FEE14	0x3F	19	0x6210	0x6210	1
0x0FEE16	0x3F	18	0x6210	0x6210	1
0x0FEE18	0x3F	17	0x6210	0x6210	1
0x0FEE1A	0x3F	16	0x6210	0x6210	1
0x0FEE1C	0x3F	15	0x6210	0x6210	1
0x0FEE1E	0x3F	14	0x6210	0x6210	1
0x0FEE20	0x3F	13	0x6210	0x6210	1
0x0FEE22	0x3F	12	0x6210	0x6210	1
0x0FEE24	0x3F	11	0x6210	0x6210	1
0x0FEE26	0x3F	10	0x6210	0x6210	1
0x0FEE28	0x3F	9	0x6210	0x6210	1
0x0FEE2A	0x3F	8	0x6210	0x6210	1
0x0FFB0A	0x3F	8	0x7B5A	0x7B84	1
