table_offset	bank	bank_offset	address	count	byte_length	first_ptr	last_ptr	monotonic	span	valid_sample_targets	score
0x07C000	0x1F	0x0000	0x4000	89	178	0x5267	0x617C	False	3861	16	89
0x07C002	0x1F	0x0002	0x4002	88	176	0x526E	0x617C	False	3854	16	88
0x07C004	0x1F	0x0004	0x4004	87	174	0x5275	0x617C	False	3847	16	87
0x07C006	0x1F	0x0006	0x4006	86	172	0x527C	0x617C	False	3840	16	86
0x07C008	0x1F	0x0008	0x4008	85	170	0x5283	0x617C	False	3833	16	85
0x07C00A	0x1F	0x000A	0x400A	84	168	0x52B3	0x617C	False	3785	16	84
0x07C00C	0x1F	0x000C	0x400C	83	166	0x52C8	0x617C	False	3764	16	83
0x0FEDBC	0x3F	0x2DBC	0x6DBC	63	126	0x6210	0x6210	True	0	16	83
0x07C00E	0x1F	0x000E	0x400E	82	164	0x52DE	0x617C	False	3742	16	82
0x0FEDBE	0x3F	0x2DBE	0x6DBE	62	124	0x6210	0x6210	True	0	16	82
0x07C010	0x1F	0x0010	0x4010	81	162	0x52E0	0x617C	False	3740	16	81
0x0FEDC0	0x3F	0x2DC0	0x6DC0	61	122	0x6210	0x6210	True	0	16	81
0x07C012	0x1F	0x0012	0x4012	80	160	0x52E7	0x617C	False	3733	16	80
0x0FEDC2	0x3F	0x2DC2	0x6DC2	60	120	0x6210	0x6210	True	0	16	80
0x07C014	0x1F	0x0014	0x4014	79	158	0x5322	0x617C	False	3674	16	79
0x0FEDC4	0x3F	0x2DC4	0x6DC4	59	118	0x6210	0x6210	True	0	16	79
0x07C016	0x1F	0x0016	0x4016	78	156	0x5382	0x617C	False	3578	16	78
0x0FEDC6	0x3F	0x2DC6	0x6DC6	58	116	0x6210	0x6210	True	0	16	78
0x07C018	0x1F	0x0018	0x4018	77	154	0x538C	0x617C	False	3568	16	77
0x0FEDC8	0x3F	0x2DC8	0x6DC8	57	114	0x6210	0x6210	True	0	16	77
0x07C01A	0x1F	0x001A	0x401A	76	152	0x53BC	0x617C	False	3520	16	76
0x0FEDCA	0x3F	0x2DCA	0x6DCA	56	112	0x6210	0x6210	True	0	16	76
0x07C01C	0x1F	0x001C	0x401C	75	150	0x5391	0x617C	False	3563	16	75
0x0FEDCC	0x3F	0x2DCC	0x6DCC	55	110	0x6210	0x6210	True	0	16	75
0x07C01E	0x1F	0x001E	0x401E	74	148	0x496E	0x617C	False	6158	16	74
0x0FEDCE	0x3F	0x2DCE	0x6DCE	54	108	0x6210	0x6210	True	0	16	74
0x03817E	0x0E	0x017E	0x417E	53	106	0x4358	0x5446	True	4334	16	73
0x07C020	0x1F	0x0020	0x4020	73	146	0x61E8	0x617C	False	-108	16	73
0x0FEDD0	0x3F	0x2DD0	0x6DD0	53	106	0x6210	0x6210	True	0	16	73
0x038180	0x0E	0x0180	0x4180	52	104	0x438E	0x5446	True	4280	16	72
0x07C022	0x1F	0x0022	0x4022	72	144	0x61C0	0x617C	False	-68	16	72
0x0FEDD2	0x3F	0x2DD2	0x6DD2	52	104	0x6210	0x6210	True	0	16	72
0x038182	0x0E	0x0182	0x4182	51	102	0x4440	0x5446	True	4102	16	71
0x07C024	0x1F	0x0024	0x4024	71	142	0x62D8	0x617C	False	-348	16	71
0x0FEDD4	0x3F	0x2DD4	0x6DD4	51	102	0x6210	0x6210	True	0	16	71
0x038184	0x0E	0x0184	0x4184	50	100	0x4472	0x5446	True	4052	16	70
0x07C026	0x1F	0x0026	0x4026	70	140	0x6320	0x617C	False	-420	16	70
0x0FEDD6	0x3F	0x2DD6	0x6DD6	50	100	0x6210	0x6210	True	0	16	70
0x038186	0x0E	0x0186	0x4186	49	98	0x44C0	0x5446	True	3974	16	69
0x07C028	0x1F	0x0028	0x4028	69	138	0x6486	0x617C	False	-778	16	69
0x0FEDD8	0x3F	0x2DD8	0x6DD8	49	98	0x6210	0x6210	True	0	16	69
0x038188	0x0E	0x0188	0x4188	48	96	0x44F0	0x5446	True	3926	16	68
0x07C02A	0x1F	0x002A	0x402A	68	136	0x6497	0x617C	False	-795	16	68
0x0FEDDA	0x3F	0x2DDA	0x6DDA	48	96	0x6210	0x6210	True	0	16	68
0x03818A	0x0E	0x018A	0x418A	47	94	0x453D	0x5446	True	3849	16	67
0x07C02C	0x1F	0x002C	0x402C	67	134	0x6373	0x617C	False	-503	16	67
0x0FEDDC	0x3F	0x2DDC	0x6DDC	47	94	0x6210	0x6210	True	0	16	67
0x03818C	0x0E	0x018C	0x418C	46	92	0x457E	0x5446	True	3784	16	66
0x07C02E	0x1F	0x002E	0x402E	66	132	0x644D	0x617C	False	-721	16	66
0x0FEDB6	0x3F	0x2DB6	0x6DB6	66	132	0x41D0	0x6210	False	8256	16	66
0x0FEDDE	0x3F	0x2DDE	0x6DDE	46	92	0x6210	0x6210	True	0	16	66
0x03818E	0x0E	0x018E	0x418E	45	90	0x458C	0x5446	True	3770	16	65
0x07C030	0x1F	0x0030	0x4030	65	130	0x64AA	0x617C	False	-814	16	65
0x0938F4	0x24	0x38F4	0x78F4	45	90	0x4035	0x7EFC	True	16071	16	65
0x0FEDB8	0x3F	0x2DB8	0x6DB8	65	130	0x40D0	0x6210	False	8512	16	65
0x0FEDE0	0x3F	0x2DE0	0x6DE0	45	90	0x6210	0x6210	True	0	16	65
0x038190	0x0E	0x0190	0x4190	44	88	0x4599	0x5446	True	3757	16	64
0x07C032	0x1F	0x0032	0x4032	64	128	0x64D2	0x617C	False	-854	16	64
0x0938F6	0x24	0x38F6	0x78F6	44	88	0x41A2	0x7EFC	True	15706	16	64
0x0FEDBA	0x3F	0x2DBA	0x6DBA	64	128	0x62D0	0x6210	False	-192	16	64
0x0FEDE2	0x3F	0x2DE2	0x6DE2	44	88	0x6210	0x6210	True	0	16	64
0x03816A	0x0E	0x016A	0x416A	63	126	0x43CB	0x5446	False	4219	16	63
0x038192	0x0E	0x0192	0x4192	43	86	0x470D	0x5446	True	3385	16	63
0x07C034	0x1F	0x0034	0x4034	63	126	0x62FD	0x617C	False	-385	16	63
0x0938F8	0x24	0x38F8	0x78F8	43	86	0x430F	0x7EFC	True	15341	16	63
0x0FEDE4	0x3F	0x2DE4	0x6DE4	43	86	0x6210	0x6210	True	0	16	63
0x03816C	0x0E	0x016C	0x416C	62	124	0x45BF	0x5446	False	3719	16	62
0x038194	0x0E	0x0194	0x4194	42	84	0x4733	0x5446	True	3347	16	62
0x07C036	0x1F	0x0036	0x4036	62	124	0x632F	0x617C	False	-435	16	62
0x0938FA	0x24	0x38FA	0x78FA	42	84	0x447C	0x7EFC	True	14976	16	62
0x0FEDE6	0x3F	0x2DE6	0x6DE6	42	84	0x6210	0x6210	True	0	16	62
0x03816E	0x0E	0x016E	0x416E	61	122	0x4412	0x5446	False	4148	16	61
0x038196	0x0E	0x0196	0x4196	41	82	0x475E	0x5446	True	3304	16	61
0x07C038	0x1F	0x0038	0x4038	61	122	0x64F4	0x617C	False	-888	16	61
0x0938FC	0x24	0x38FC	0x78FC	41	82	0x45EA	0x7EFC	True	14610	16	61
0x0FEDE8	0x3F	0x2DE8	0x6DE8	41	82	0x6210	0x6210	True	0	16	61
0x038170	0x0E	0x0170	0x4170	60	120	0x45CF	0x5446	False	3703	16	60
0x038198	0x0E	0x0198	0x4198	40	80	0x477C	0x5446	True	3274	16	60
0x07C03A	0x1F	0x003A	0x403A	60	120	0x6523	0x617C	False	-935	16	60
0x0938FE	0x24	0x38FE	0x78FE	40	80	0x4757	0x7EFC	True	14245	16	60
0x0FEDEA	0x3F	0x2DEA	0x6DEA	40	80	0x6210	0x6210	True	0	16	60
0x038172	0x0E	0x0172	0x4172	59	118	0x45E0	0x5446	False	3686	16	59
0x03819A	0x0E	0x019A	0x419A	39	78	0x479B	0x5446	True	3243	16	59
0x07C03C	0x1F	0x003C	0x403C	59	118	0x6225	0x617C	False	-169	16	59
0x093900	0x24	0x3900	0x7900	39	78	0x48C4	0x7EFC	True	13880	16	59
0x0FEDEC	0x3F	0x2DEC	0x6DEC	39	78	0x6210	0x6210	True	0	16	59
0x038174	0x0E	0x0174	0x4174	58	116	0x45F0	0x5446	False	3670	16	58
0x03819C	0x0E	0x019C	0x419C	38	76	0x47CD	0x5446	True	3193	16	58
0x07C03E	0x1F	0x003E	0x403E	58	116	0x417E	0x617C	False	8190	16	58
0x093902	0x24	0x3902	0x7902	38	76	0x4A31	0x7EFC	True	13515	16	58
0x0FEDEE	0x3F	0x2DEE	0x6DEE	38	76	0x6210	0x6210	True	0	16	58
0x038176	0x0E	0x0176	0x4176	57	114	0x45FF	0x5446	False	3655	16	57
0x03819E	0x0E	0x019E	0x419E	37	74	0x47F5	0x5446	True	3153	16	57
0x070444	0x1C	0x0444	0x4444	37	74	0x45D4	0x7EF5	True	14625	16	57
0x074444	0x1D	0x0444	0x4444	37	74	0x45D4	0x7EF5	True	14625	16	57
0x07C040	0x1F	0x0040	0x4040	57	114	0x54E0	0x617C	False	3228	16	57
0x093904	0x24	0x3904	0x7904	37	74	0x4B9F	0x7EFC	True	13149	16	57
0x0FEDF0	0x3F	0x2DF0	0x6DF0	37	74	0x6210	0x6210	True	0	16	57
0x038178	0x0E	0x0178	0x4178	56	112	0x460E	0x5446	False	3640	16	56
0x0381A0	0x0E	0x01A0	0x41A0	36	72	0x4824	0x5446	True	3106	16	56
0x070446	0x1C	0x0446	0x4446	36	72	0x45EF	0x7EF5	True	14598	16	56
0x074446	0x1D	0x0446	0x4446	36	72	0x45EF	0x7EF5	True	14598	16	56
0x07C042	0x1F	0x0042	0x4042	56	112	0x53C9	0x617C	False	3507	16	56
0x093906	0x24	0x3906	0x7906	36	72	0x4D0C	0x7EFC	True	12784	16	56
0x0FEDF2	0x3F	0x2DF2	0x6DF2	36	72	0x6210	0x6210	True	0	16	56
0x03817A	0x0E	0x017A	0x417A	55	110	0x4629	0x5446	False	3613	16	55
0x0381A2	0x0E	0x01A2	0x41A2	35	70	0x4831	0x5446	True	3093	16	55
0x070448	0x1C	0x0448	0x4448	35	70	0x45FD	0x7EF5	True	14584	16	55
0x074448	0x1D	0x0448	0x4448	35	70	0x45FD	0x7EF5	True	14584	16	55
0x07C044	0x1F	0x0044	0x4044	55	110	0x53F9	0x617C	False	3459	16	55
0x093908	0x24	0x3908	0x7908	35	70	0x4E79	0x7EFC	True	12419	16	55
0x0FEDF4	0x3F	0x2DF4	0x6DF4	35	70	0x6210	0x6210	True	0	16	55
0x03817C	0x0E	0x017C	0x417C	54	108	0x46D3	0x5446	False	3443	16	54
0x0381A4	0x0E	0x01A4	0x41A4	34	68	0x4848	0x5446	True	3070	16	54
0x07044A	0x1C	0x044A	0x444A	34	68	0x4609	0x7EF5	True	14572	16	54
0x07444A	0x1D	0x044A	0x444A	34	68	0x4609	0x7EF5	True	14572	16	54
0x07C046	0x1F	0x0046	0x4046	54	108	0x5486	0x617C	False	3318	16	54
0x09390A	0x24	0x390A	0x790A	34	68	0x4FE6	0x7EFC	True	12054	16	54
0x0FEDF6	0x3F	0x2DF6	0x6DF6	34	68	0x6210	0x6210	True	0	16	54
0x0381A6	0x0E	0x01A6	0x41A6	33	66	0x4896	0x5446	True	2992	16	53
0x07044C	0x1C	0x044C	0x444C	33	66	0x461E	0x7EF5	True	14551	16	53
0x07444C	0x1D	0x044C	0x444C	33	66	0x461E	0x7EF5	True	14551	16	53
0x078096	0x1E	0x0096	0x4096	53	106	0x7DC7	0x6CA4	False	-4387	16	53
0x07C048	0x1F	0x0048	0x4048	53	106	0x55A6	0x617C	False	3030	16	53
0x09390C	0x24	0x390C	0x790C	33	66	0x5154	0x7EFC	True	11688	16	53
0x0FEDF8	0x3F	0x2DF8	0x6DF8	33	66	0x6210	0x6210	True	0	16	53
0x0381A8	0x0E	0x01A8	0x41A8	32	64	0x48A6	0x5446	True	2976	16	52
0x07044E	0x1C	0x044E	0x444E	32	64	0x4638	0x7EF5	True	14525	16	52
0x070DF2	0x1C	0x0DF2	0x4DF2	52	104	0x4E60	0x4E5A	False	-6	16	52
0x07444E	0x1D	0x044E	0x444E	32	64	0x4638	0x7EF5	True	14525	16	52
0x074DF2	0x1D	0x0DF2	0x4DF2	52	104	0x4E60	0x4E5A	False	-6	16	52
0x078098	0x1E	0x0098	0x4098	52	104	0x7F2A	0x6CA4	False	-4742	16	52
0x07C04A	0x1F	0x004A	0x404A	52	104	0x55DA	0x617C	False	2978	16	52
0x09390E	0x24	0x390E	0x790E	32	64	0x52C1	0x7EFC	True	11323	16	52
0x0FEDFA	0x3F	0x2DFA	0x6DFA	32	64	0x6210	0x6210	True	0	16	52
0x0381AA	0x0E	0x01AA	0x41AA	31	62	0x48E5	0x5446	True	2913	16	51
0x070450	0x1C	0x0450	0x4450	31	62	0x463F	0x7EF5	True	14518	16	51
0x070DF4	0x1C	0x0DF4	0x4DF4	51	102	0x4E67	0x4E5A	False	-13	16	51
0x074450	0x1D	0x0450	0x4450	31	62	0x463F	0x7EF5	True	14518	16	51
0x074DF4	0x1D	0x0DF4	0x4DF4	51	102	0x4E67	0x4E5A	False	-13	16	51
0x07809A	0x1E	0x009A	0x409A	51	102	0x7E72	0x6CA4	False	-4558	16	51
0x07C04C	0x1F	0x004C	0x404C	51	102	0x55E7	0x617C	False	2965	16	51
0x093910	0x24	0x3910	0x7910	31	62	0x542E	0x7EFC	True	10958	16	51
0x0FEDFC	0x3F	0x2DFC	0x6DFC	31	62	0x6210	0x6210	True	0	16	51
0x0381AC	0x0E	0x01AC	0x41AC	30	60	0x4925	0x5446	True	2849	16	50
0x038244	0x0E	0x0244	0x4244	30	60	0x5B7A	0x6785	True	3083	16	50
0x070452	0x1C	0x0452	0x4452	30	60	0x4656	0x7EF5	True	14495	16	50
0x070DF6	0x1C	0x0DF6	0x4DF6	50	100	0x4E6E	0x4E5A	False	-20	16	50
0x074452	0x1D	0x0452	0x4452	30	60	0x4656	0x7EF5	True	14495	16	50
0x074DF6	0x1D	0x0DF6	0x4DF6	50	100	0x4E6E	0x4E5A	False	-20	16	50
0x07809C	0x1E	0x009C	0x409C	50	100	0x7EFF	0x6CA4	False	-4699	16	50
0x07C04E	0x1F	0x004E	0x404E	50	100	0x5B91	0x617C	False	1515	16	50
0x093912	0x24	0x3912	0x7912	30	60	0x559B	0x7EFC	True	10593	16	50
0x0FEDFE	0x3F	0x2DFE	0x6DFE	30	60	0x6210	0x6210	True	0	16	50
0x0381AE	0x0E	0x01AE	0x41AE	29	58	0x4941	0x5446	True	2821	16	49
0x038246	0x0E	0x0246	0x4246	29	58	0x5BB6	0x6785	True	3023	16	49
0x07042C	0x1C	0x042C	0x442C	49	98	0x4598	0x7EF5	False	14685	16	49
0x070454	0x1C	0x0454	0x4454	29	58	0x4667	0x7EF5	True	14478	16	49
0x070DF8	0x1C	0x0DF8	0x4DF8	49	98	0x4E77	0x4E5A	False	-29	16	49
0x07442C	0x1D	0x042C	0x442C	49	98	0x4598	0x7EF5	False	14685	16	49
0x074454	0x1D	0x0454	0x4454	29	58	0x4667	0x7EF5	True	14478	16	49
0x074DF8	0x1D	0x0DF8	0x4DF8	49	98	0x4E77	0x4E5A	False	-29	16	49
0x07809E	0x1E	0x009E	0x409E	49	98	0x7E8B	0x6CA4	False	-4583	16	49
0x07C050	0x1F	0x0050	0x4050	49	98	0x417E	0x617C	False	8190	16	49
0x093914	0x24	0x3914	0x7914	29	58	0x5709	0x7EFC	True	10227	16	49
0x0FEE00	0x3F	0x2E00	0x6E00	29	58	0x6210	0x6210	True	0	16	49
0x0243A8	0x09	0x03A8	0x43A8	28	56	0x430C	0x43A2	True	150	16	48
0x026FB2	0x09	0x2FB2	0x6FB2	28	56	0x64ED	0x6FB1	True	2756	16	48
0x0381B0	0x0E	0x01B0	0x41B0	28	56	0x4976	0x5446	True	2768	16	48
0x038248	0x0E	0x0248	0x4248	28	56	0x5CCF	0x6785	True	2742	16	48
0x038282	0x0E	0x0282	0x4282	28	56	0x6796	0x7654	True	3774	16	48
0x07042E	0x1C	0x042E	0x442E	48	96	0x45A3	0x7EF5	False	14674	16	48
0x070456	0x1C	0x0456	0x4456	28	56	0x4674	0x7EF5	True	14465	16	48
0x070DFA	0x1C	0x0DFA	0x4DFA	48	96	0x4E80	0x4E5A	False	-38	16	48
0x07442E	0x1D	0x042E	0x442E	48	96	0x45A3	0x7EF5	False	14674	16	48
0x074456	0x1D	0x0456	0x4456	28	56	0x4674	0x7EF5	True	14465	16	48
0x074DFA	0x1D	0x0DFA	0x4DFA	48	96	0x4E80	0x4E5A	False	-38	16	48
0x0780A0	0x1E	0x00A0	0x40A0	48	96	0x725B	0x6CA4	False	-1463	16	48
0x07C052	0x1F	0x0052	0x4052	48	96	0x417E	0x617C	False	8190	16	48
0x093916	0x24	0x3916	0x7916	28	56	0x5876	0x7EFC	True	9862	16	48
0x0FEE02	0x3F	0x2E02	0x6E02	28	56	0x6210	0x6210	True	0	16	48
0x0243AA	0x09	0x03AA	0x43AA	27	54	0x4312	0x43A2	True	144	16	47
0x026FB4	0x09	0x2FB4	0x6FB4	27	54	0x64EE	0x6FB1	True	2755	16	47
0x0381B2	0x0E	0x01B2	0x41B2	27	54	0x4985	0x5446	True	2753	16	47
0x03824A	0x0E	0x024A	0x424A	27	54	0x5D3A	0x6785	True	2635	16	47
0x038284	0x0E	0x0284	0x4284	27	54	0x67A4	0x7654	True	3760	16	47
0x070430	0x1C	0x0430	0x4430	47	94	0x45A3	0x7EF5	False	14674	16	47
0x070458	0x1C	0x0458	0x4458	27	54	0x4683	0x7EF5	True	14450	16	47
0x070DFC	0x1C	0x0DFC	0x4DFC	47	94	0x4E89	0x4E5A	False	-47	16	47
0x070FB2	0x1C	0x0FB2	0x4FB2	27	54	0x4FE8	0x5179	True	401	16	47
0x074430	0x1D	0x0430	0x4430	47	94	0x45A3	0x7EF5	False	14674	16	47
0x074458	0x1D	0x0458	0x4458	27	54	0x4683	0x7EF5	True	14450	16	47
0x074DFC	0x1D	0x0DFC	0x4DFC	47	94	0x4E89	0x4E5A	False	-47	16	47
0x074FB2	0x1D	0x0FB2	0x4FB2	27	54	0x4FE8	0x5179	True	401	16	47
0x0780A2	0x1E	0x00A2	0x40A2	47	94	0x665C	0x6CA4	False	1608	16	47
0x07C054	0x1F	0x0054	0x4054	47	94	0x417E	0x617C	False	8190	16	47
0x093918	0x24	0x3918	0x7918	27	54	0x59E3	0x7EFC	True	9497	16	47
0x0FC210	0x3F	0x0210	0x4210	27	54	0x403F	0x7F7E	True	16191	16	47
0x0FEE04	0x3F	0x2E04	0x6E04	27	54	0x6210	0x6210	True	0	16	47
0x0243AC	0x09	0x03AC	0x43AC	26	52	0x4315	0x43A2	True	141	16	46
0x026FB6	0x09	0x2FB6	0x6FB6	26	52	0x64F3	0x6FB1	True	2750	16	46
0x0381B4	0x0E	0x01B4	0x41B4	26	52	0x49AF	0x5446	True	2711	16	46
0x03824C	0x0E	0x024C	0x424C	26	52	0x5DB5	0x6785	True	2512	16	46
0x038286	0x0E	0x0286	0x4286	26	52	0x67F1	0x7654	True	3683	16	46
0x070432	0x1C	0x0432	0x4432	46	92	0x45A3	0x7EF5	False	14674	16	46
0x07045A	0x1C	0x045A	0x445A	26	52	0x4690	0x7EF5	True	14437	16	46
0x070DFE	0x1C	0x0DFE	0x4DFE	46	92	0x4E93	0x4E5A	False	-57	16	46
0x070E26	0x1C	0x0E26	0x4E26	26	52	0x4E5A	0x4E5A	True	0	16	46
0x070FB4	0x1C	0x0FB4	0x4FB4	26	52	0x4FEB	0x5179	True	398	16	46
0x074432	0x1D	0x0432	0x4432	46	92	0x45A3	0x7EF5	False	14674	16	46
0x07445A	0x1D	0x045A	0x445A	26	52	0x4690	0x7EF5	True	14437	16	46
0x074DFE	0x1D	0x0DFE	0x4DFE	46	92	0x4E93	0x4E5A	False	-57	16	46
0x074E26	0x1D	0x0E26	0x4E26	26	52	0x4E5A	0x4E5A	True	0	16	46
0x074FB4	0x1D	0x0FB4	0x4FB4	26	52	0x4FEB	0x5179	True	398	16	46
0x0780A4	0x1E	0x00A4	0x40A4	46	92	0x772B	0x6CA4	False	-2695	16	46
0x07C056	0x1F	0x0056	0x4056	46	92	0x6610	0x617C	False	-1172	16	46
0x09391A	0x24	0x391A	0x791A	26	52	0x5B50	0x7EFC	True	9132	16	46
0x0FC212	0x3F	0x0212	0x4212	26	52	0x4342	0x7F7E	True	15420	16	46
0x0FEE06	0x3F	0x2E06	0x6E06	26	52	0x6210	0x6210	True	0	16	46
0x0243AE	0x09	0x03AE	0x43AE	25	50	0x431D	0x43A2	True	133	16	45
0x026FB8	0x09	0x2FB8	0x6FB8	25	50	0x65D2	0x6FB1	True	2527	16	45
0x0381B6	0x0E	0x01B6	0x41B6	25	50	0x49BE	0x5446	True	2696	16	45
0x03824E	0x0E	0x024E	0x424E	25	50	0x5E66	0x6785	True	2335	16	45
0x038288	0x0E	0x0288	0x4288	25	50	0x6825	0x7654	True	3631	16	45
0x070434	0x1C	0x0434	0x4434	45	90	0x45A3	0x7EF5	False	14674	16	45
0x07045C	0x1C	0x045C	0x445C	25	50	0x46A0	0x7EF5	True	14421	16	45
0x070E00	0x1C	0x0E00	0x4E00	45	90	0x4E9D	0x4E5A	False	-67	16	45
0x070E28	0x1C	0x0E28	0x4E28	25	50	0x4E5A	0x4E5A	True	0	16	45
0x070FB6	0x1C	0x0FB6	0x4FB6	25	50	0x4FF9	0x5179	True	384	16	45
0x074434	0x1D	0x0434	0x4434	45	90	0x45A3	0x7EF5	False	14674	16	45
0x07445C	0x1D	0x045C	0x445C	25	50	0x46A0	0x7EF5	True	14421	16	45
0x074E00	0x1D	0x0E00	0x4E00	45	90	0x4E9D	0x4E5A	False	-67	16	45
0x074E28	0x1D	0x0E28	0x4E28	25	50	0x4E5A	0x4E5A	True	0	16	45
0x074FB6	0x1D	0x0FB6	0x4FB6	25	50	0x4FF9	0x5179	True	384	16	45
0x0780A6	0x1E	0x00A6	0x40A6	45	90	0x7848	0x6CA4	False	-2980	16	45
0x07C058	0x1F	0x0058	0x4058	45	90	0x66BD	0x617C	False	-1345	16	45
0x09391C	0x24	0x391C	0x791C	25	50	0x5CBE	0x7EFC	True	8766	16	45
0x0FC214	0x3F	0x0214	0x4214	25	50	0x4645	0x7F7E	True	14649	16	45
0x0FEE08	0x3F	0x2E08	0x6E08	25	50	0x6210	0x6210	True	0	16	45
0x0243B0	0x09	0x03B0	0x43B0	24	48	0x4328	0x43A2	True	122	16	44
0x026FBA	0x09	0x2FBA	0x6FBA	24	48	0x6677	0x6FB1	True	2362	16	44
0x0381B8	0x0E	0x01B8	0x41B8	24	48	0x49E7	0x5446	True	2655	16	44
0x038250	0x0E	0x0250	0x4250	24	48	0x5ECC	0x6785	True	2233	16	44
0x03828A	0x0E	0x028A	0x428A	24	48	0x684B	0x7654	True	3593	16	44
0x070436	0x1C	0x0436	0x4436	44	88	0x45A3	0x7EF5	False	14674	16	44
0x07045E	0x1C	0x045E	0x445E	24	48	0x46AD	0x7EF5	True	14408	16	44
0x070E02	0x1C	0x0E02	0x4E02	44	88	0x4EA5	0x4E5A	False	-75	16	44
0x070E2A	0x1C	0x0E2A	0x4E2A	24	48	0x4E5A	0x4E5A	True	0	16	44
0x070FB8	0x1C	0x0FB8	0x4FB8	24	48	0x5013	0x5179	True	358	16	44
0x074436	0x1D	0x0436	0x4436	44	88	0x45A3	0x7EF5	False	14674	16	44
0x07445E	0x1D	0x045E	0x445E	24	48	0x46AD	0x7EF5	True	14408	16	44
0x074E02	0x1D	0x0E02	0x4E02	44	88	0x4EA5	0x4E5A	False	-75	16	44
0x074E2A	0x1D	0x0E2A	0x4E2A	24	48	0x4E5A	0x4E5A	True	0	16	44
0x074FB8	0x1D	0x0FB8	0x4FB8	24	48	0x5013	0x5179	True	358	16	44
0x0780A8	0x1E	0x00A8	0x40A8	44	88	0x785E	0x6CA4	False	-3002	16	44
0x07C05A	0x1F	0x005A	0x405A	44	88	0x675B	0x617C	False	-1503	16	44
0x09391E	0x24	0x391E	0x791E	24	48	0x5E2B	0x7EFC	True	8401	16	44
0x0FC216	0x3F	0x0216	0x4216	24	48	0x4847	0x7F7E	True	14135	16	44
0x0FEE0A	0x3F	0x2E0A	0x6E0A	24	48	0x6210	0x6210	True	0	16	44
0x0243B2	0x09	0x03B2	0x43B2	23	46	0x432E	0x43A2	True	116	16	43
0x026FBC	0x09	0x2FBC	0x6FBC	23	46	0x681E	0x6FB1	True	1939	16	43
0x0381BA	0x0E	0x01BA	0x41BA	23	46	0x4A0D	0x5446	True	2617	16	43
0x038252	0x0E	0x0252	0x4252	23	46	0x5EF7	0x6785	True	2190	16	43
0x03828C	0x0E	0x028C	0x428C	23	46	0x6876	0x7654	True	3550	16	43
0x070438	0x1C	0x0438	0x4438	43	86	0x45A3	0x7EF5	False	14674	16	43
0x070460	0x1C	0x0460	0x4460	23	46	0x46BA	0x7EF5	True	14395	16	43
0x070E04	0x1C	0x0E04	0x4E04	43	86	0x4EAD	0x4E5A	False	-83	16	43
0x070E2C	0x1C	0x0E2C	0x4E2C	23	46	0x4E5A	0x4E5A	True	0	16	43
0x070FBA	0x1C	0x0FBA	0x4FBA	23	46	0x501C	0x5179	True	349	16	43
0x074438	0x1D	0x0438	0x4438	43	86	0x45A3	0x7EF5	False	14674	16	43
0x074460	0x1D	0x0460	0x4460	23	46	0x46BA	0x7EF5	True	14395	16	43
0x074E04	0x1D	0x0E04	0x4E04	43	86	0x4EAD	0x4E5A	False	-83	16	43
0x074E2C	0x1D	0x0E2C	0x4E2C	23	46	0x4E5A	0x4E5A	True	0	16	43
0x074FBA	0x1D	0x0FBA	0x4FBA	23	46	0x501C	0x5179	True	349	16	43
0x0780AA	0x1E	0x00AA	0x40AA	43	86	0x793A	0x6CA4	False	-3222	16	43
0x07C05C	0x1F	0x005C	0x405C	43	86	0x6556	0x617C	False	-986	16	43
0x093920	0x24	0x3920	0x7920	23	46	0x5F98	0x7EFC	True	8036	16	43
0x0FC218	0x3F	0x0218	0x4218	23	46	0x4A49	0x7F7E	True	13621	16	43
0x0FEE0C	0x3F	0x2E0C	0x6E0C	23	46	0x6210	0x6210	True	0	16	43
0x0243B4	0x09	0x03B4	0x43B4	22	44	0x4333	0x43A2	True	111	16	42
0x026FBE	0x09	0x2FBE	0x6FBE	22	44	0x681F	0x6FB1	True	1938	16	42
0x0381BC	0x0E	0x01BC	0x41BC	22	44	0x4A3A	0x5446	True	2572	16	42
0x038254	0x0E	0x0254	0x4254	22	44	0x5F83	0x6785	True	2050	16	42
0x03828E	0x0E	0x028E	0x428E	22	44	0x6893	0x7654	True	3521	16	42
0x07043A	0x1C	0x043A	0x443A	42	84	0x45BB	0x7EF5	False	14650	16	42
0x070462	0x1C	0x0462	0x4462	22	44	0x46CC	0x7EF5	True	14377	16	42
0x070E06	0x1C	0x0E06	0x4E06	42	84	0x4ECF	0x4E5A	False	-117	16	42
0x070E2E	0x1C	0x0E2E	0x4E2E	22	44	0x4E5A	0x4E5A	True	0	16	42
0x070FBC	0x1C	0x0FBC	0x4FBC	22	44	0x5029	0x5179	True	336	16	42
0x07443A	0x1D	0x043A	0x443A	42	84	0x45BB	0x7EF5	False	14650	16	42
0x074462	0x1D	0x0462	0x4462	22	44	0x46CC	0x7EF5	True	14377	16	42
0x074E06	0x1D	0x0E06	0x4E06	42	84	0x4ECF	0x4E5A	False	-117	16	42
0x074E2E	0x1D	0x0E2E	0x4E2E	22	44	0x4E5A	0x4E5A	True	0	16	42
0x074FBC	0x1D	0x0FBC	0x4FBC	22	44	0x5029	0x5179	True	336	16	42
0x0780AC	0x1E	0x00AC	0x40AC	42	84	0x78EB	0x6CA4	False	-3143	16	42
0x07C05E	0x1F	0x005E	0x405E	42	84	0x6640	0x617C	False	-1220	16	42
0x093922	0x24	0x3922	0x7922	22	44	0x6105	0x7EFC	True	7671	16	42
0x0E1FF2	0x38	0x1FF2	0x5FF2	22	44	0x601E	0x60EF	True	209	16	42
0x0FC21A	0x3F	0x021A	0x421A	22	44	0x4C4B	0x7F7E	True	13107	16	42
0x0FEE0E	0x3F	0x2E0E	0x6E0E	22	44	0x6210	0x6210	True	0	16	42
0x01D6D0	0x07	0x16D0	0x56D0	21	42	0x617F	0x753B	True	5052	16	41
0x0243B6	0x09	0x03B6	0x43B6	21	42	0x433C	0x43A2	True	102	16	41
0x026FC0	0x09	0x2FC0	0x6FC0	21	42	0x68A8	0x6FB1	True	1801	16	41
0x0381BE	0x0E	0x01BE	0x41BE	21	42	0x4A53	0x5446	True	2547	16	41
0x038256	0x0E	0x0256	0x4256	21	42	0x606C	0x6785	True	1817	16	41
0x038290	0x0E	0x0290	0x4290	21	42	0x68E1	0x7654	True	3443	16	41
0x07043C	0x1C	0x043C	0x443C	41	82	0x45C3	0x7EF5	False	14642	16	41
0x070464	0x1C	0x0464	0x4464	21	42	0x46D9	0x7EF5	True	14364	16	41
0x070E08	0x1C	0x0E08	0x4E08	41	82	0x4ED5	0x4E5A	False	-123	16	41
0x070E30	0x1C	0x0E30	0x4E30	21	42	0x4E5A	0x4E5A	True	0	16	41
0x070FBE	0x1C	0x0FBE	0x4FBE	21	42	0x5032	0x5179	True	327	16	41
0x07443C	0x1D	0x043C	0x443C	41	82	0x45C3	0x7EF5	False	14642	16	41
0x074464	0x1D	0x0464	0x4464	21	42	0x46D9	0x7EF5	True	14364	16	41
0x074E08	0x1D	0x0E08	0x4E08	41	82	0x4ED5	0x4E5A	False	-123	16	41
0x074E30	0x1D	0x0E30	0x4E30	21	42	0x4E5A	0x4E5A	True	0	16	41
0x074FBE	0x1D	0x0FBE	0x4FBE	21	42	0x5032	0x5179	True	327	16	41
0x076B20	0x1D	0x2B20	0x6B20	21	42	0x416C	0x7F6C	True	15872	16	41
0x0780AE	0x1E	0x00AE	0x40AE	41	82	0x7DEC	0x6CA4	False	-4424	16	41
0x07C060	0x1F	0x0060	0x4060	41	82	0x5FF6	0x617C	False	390	16	41
0x093924	0x24	0x3924	0x7924	21	42	0x6273	0x7EFC	True	7305	16	41
0x0E1FF4	0x38	0x1FF4	0x5FF4	21	42	0x6027	0x60EF	True	200	16	41
0x0FC21C	0x3F	0x021C	0x421C	21	42	0x4E4D	0x7F7E	True	12593	16	41
0x0FEE10	0x3F	0x2E10	0x6E10	21	42	0x6210	0x6210	True	0	16	41
0x01D6D2	0x07	0x16D2	0x56D2	20	40	0x623B	0x753B	True	4864	16	40
0x0243B8	0x09	0x03B8	0x43B8	20	40	0x4344	0x43A2	True	94	16	40
0x026FC2	0x09	0x2FC2	0x6FC2	20	40	0x68A9	0x6FB1	True	1800	16	40
0x0381C0	0x0E	0x01C0	0x41C0	20	40	0x4AD0	0x5446	True	2422	16	40
0x038258	0x0E	0x0258	0x4258	20	40	0x60AD	0x6785	True	1752	16	40
0x038292	0x0E	0x0292	0x4292	20	40	0x694A	0x7654	True	3338	16	40
0x07043E	0x1C	0x043E	0x443E	40	80	0x45CB	0x7EF5	False	14634	16	40
0x070466	0x1C	0x0466	0x4466	20	40	0x46E6	0x7EF5	True	14351	16	40
0x070E0A	0x1C	0x0E0A	0x4E0A	40	80	0x4EF2	0x4E5A	False	-152	16	40
0x070E32	0x1C	0x0E32	0x4E32	20	40	0x4E5A	0x4E5A	True	0	16	40
0x070FC0	0x1C	0x0FC0	0x4FC0	20	40	0x503F	0x5179	True	314	16	40
0x07443E	0x1D	0x043E	0x443E	40	80	0x45CB	0x7EF5	False	14634	16	40
0x074466	0x1D	0x0466	0x4466	20	40	0x46E6	0x7EF5	True	14351	16	40
0x074E0A	0x1D	0x0E0A	0x4E0A	40	80	0x4EF2	0x4E5A	False	-152	16	40
0x074E32	0x1D	0x0E32	0x4E32	20	40	0x4E5A	0x4E5A	True	0	16	40
0x074FC0	0x1D	0x0FC0	0x4FC0	20	40	0x503F	0x5179	True	314	16	40
0x076B22	0x1D	0x2B22	0x6B22	20	40	0x446C	0x7F6C	True	15104	16	40
0x0780B0	0x1E	0x00B0	0x40B0	40	80	0x7DFE	0x6CA4	False	-4442	16	40
0x07C062	0x1F	0x0062	0x4062	40	80	0x60B5	0x617C	False	199	16	40
0x08C06A	0x23	0x006A	0x406A	20	40	0x4092	0x6349	True	8887	16	40
0x093926	0x24	0x3926	0x7926	20	40	0x63E0	0x7EFC	True	6940	16	40
0x0E1FF6	0x38	0x1FF6	0x5FF6	20	40	0x6031	0x60EF	True	190	16	40
0x0FC21E	0x3F	0x021E	0x421E	20	40	0x504F	0x7F7E	True	12079	16	40
0x0FEE12	0x3F	0x2E12	0x6E12	20	40	0x6210	0x6210	True	0	16	40
0x01D6D4	0x07	0x16D4	0x56D4	19	38	0x633B	0x753B	True	4608	16	39
0x0243BA	0x09	0x03BA	0x43BA	19	38	0x4349	0x43A2	True	89	16	39
0x026FC4	0x09	0x2FC4	0x6FC4	19	38	0x68BB	0x6FB1	True	1782	16	39
0x0381C2	0x0E	0x01C2	0x41C2	19	38	0x4B1B	0x5446	True	2347	16	39
0x03825A	0x0E	0x025A	0x425A	19	38	0x6137	0x6785	True	1614	16	39
0x038294	0x0E	0x0294	0x4294	19	38	0x6995	0x7654	True	3263	16	39
0x070440	0x1C	0x0440	0x4440	39	78	0x46F4	0x7EF5	False	14337	16	39
0x070468	0x1C	0x0468	0x4468	19	38	0x46F4	0x7EF5	True	14337	16	39
0x070E0C	0x1C	0x0E0C	0x4E0C	39	78	0x4EF9	0x4E5A	False	-159	16	39
0x070E34	0x1C	0x0E34	0x4E34	19	38	0x4E5A	0x4E5A	True	0	16	39
0x070FC2	0x1C	0x0FC2	0x4FC2	19	38	0x504F	0x5179	True	298	16	39
0x074440	0x1D	0x0440	0x4440	39	78	0x46F4	0x7EF5	False	14337	16	39
0x074468	0x1D	0x0468	0x4468	19	38	0x46F4	0x7EF5	True	14337	16	39
0x074E0C	0x1D	0x0E0C	0x4E0C	39	78	0x4EF9	0x4E5A	False	-159	16	39
0x074E34	0x1D	0x0E34	0x4E34	19	38	0x4E5A	0x4E5A	True	0	16	39
0x074FC2	0x1D	0x0FC2	0x4FC2	19	38	0x504F	0x5179	True	298	16	39
0x076B24	0x1D	0x2B24	0x6B24	19	38	0x476C	0x7F6C	True	14336	16	39
0x0780B2	0x1E	0x00B2	0x40B2	39	78	0x7E3E	0x6CA4	False	-4506	16	39
0x07BC68	0x1E	0x3C68	0x7C68	19	38	0x6109	0x7F20	True	7703	16	39
0x07C064	0x1F	0x0064	0x4064	39	78	0x417E	0x617C	False	8190	16	39
0x08C06C	0x23	0x006C	0x406C	19	38	0x424F	0x6349	True	8442	16	39
0x093928	0x24	0x3928	0x7928	19	38	0x654D	0x7EFC	True	6575	16	39
0x0E1FF8	0x38	0x1FF8	0x5FF8	19	38	0x603A	0x60EF	True	181	16	39
0x0FC220	0x3F	0x0220	0x4220	19	38	0x5251	0x7F7E	True	11565	16	39
0x0FEE14	0x3F	0x2E14	0x6E14	19	38	0x6210	0x6210	True	0	16	39
0x01D6D6	0x07	0x16D6	0x56D6	18	36	0x643B	0x753B	True	4352	16	38
0x0243BC	0x09	0x03BC	0x43BC	18	36	0x434C	0x43A2	True	86	16	38
0x026FC6	0x09	0x2FC6	0x6FC6	18	36	0x69F9	0x6FB1	True	1464	16	38
0x0381C4	0x0E	0x01C4	0x41C4	18	36	0x4B71	0x5446	True	2261	16	38
0x03825C	0x0E	0x025C	0x425C	18	36	0x6149	0x6785	True	1596	16	38
0x038296	0x0E	0x0296	0x4296	18	36	0x6A28	0x7654	True	3116	16	38
0x070442	0x1C	0x0442	0x4442	38	76	0x46F4	0x7EF5	False	14337	16	38
0x07046A	0x1C	0x046A	0x446A	18	36	0x46F4	0x7EF5	True	14337	16	38
0x070E0E	0x1C	0x0E0E	0x4E0E	38	76	0x4F00	0x4E5A	False	-166	16	38
0x070E36	0x1C	0x0E36	0x4E36	18	36	0x4E5A	0x4E5A	True	0	16	38
0x070FC4	0x1C	0x0FC4	0x4FC4	18	36	0x505F	0x5179	True	282	16	38
0x074442	0x1D	0x0442	0x4442	38	76	0x46F4	0x7EF5	False	14337	16	38
0x07446A	0x1D	0x046A	0x446A	18	36	0x46F4	0x7EF5	True	14337	16	38
0x074E0E	0x1D	0x0E0E	0x4E0E	38	76	0x4F00	0x4E5A	False	-166	16	38
0x074E36	0x1D	0x0E36	0x4E36	18	36	0x4E5A	0x4E5A	True	0	16	38
0x074FC4	0x1D	0x0FC4	0x4FC4	18	36	0x505F	0x5179	True	282	16	38
0x076B26	0x1D	0x2B26	0x6B26	18	36	0x4A6C	0x7F6C	True	13568	16	38
0x0780B4	0x1E	0x00B4	0x40B4	38	76	0x7D42	0x6CA4	False	-4254	16	38
0x07BC6A	0x1E	0x3C6A	0x7C6A	18	36	0x6362	0x7F20	True	7102	16	38
0x07C066	0x1F	0x0066	0x4066	38	76	0x5753	0x617C	False	2601	16	38
0x07C0B4	0x1F	0x00B4	0x40B4	38	76	0x6168	0x4E36	False	-4914	16	38
0x07DA42	0x1F	0x1A42	0x5A42	38	76	0x5B40	0x5ACD	False	-115	16	38
0x08C06E	0x23	0x006E	0x406E	18	36	0x4424	0x6349	True	7973	16	38
0x09392A	0x24	0x392A	0x792A	18	36	0x66BA	0x7EFC	True	6210	16	38
0x0E1FFA	0x38	0x1FFA	0x5FFA	18	36	0x6044	0x60EF	True	171	16	38
0x0FC222	0x3F	0x0222	0x4222	18	36	0x5554	0x7F7E	True	10794	16	38
0x0FEE16	0x3F	0x2E16	0x6E16	18	36	0x6210	0x6210	True	0	16	38
0x01D6D8	0x07	0x16D8	0x56D8	17	34	0x653B	0x753B	True	4096	16	37
0x0242A8	0x09	0x02A8	0x42A8	17	34	0x4225	0x42A1	True	124	16	37
0x0243BE	0x09	0x03BE	0x43BE	17	34	0x434F	0x43A2	True	83	16	37
0x026FC8	0x09	0x2FC8	0x6FC8	17	34	0x6A90	0x6FB1	True	1313	16	37
0x0381C6	0x0E	0x01C6	0x41C6	17	34	0x4B85	0x5446	True	2241	16	37
0x03825E	0x0E	0x025E	0x425E	17	34	0x61B9	0x6785	True	1484	16	37
0x038298	0x0E	0x0298	0x4298	17	34	0x6B08	0x7654	True	2892	16	37
0x07046C	0x1C	0x046C	0x446C	17	34	0x46F4	0x7EF5	True	14337	16	37
0x070E10	0x1C	0x0E10	0x4E10	37	74	0x4F0A	0x4E5A	False	-176	16	37
0x070E38	0x1C	0x0E38	0x4E38	17	34	0x4E5A	0x4E5A	True	0	16	37
0x070FC6	0x1C	0x0FC6	0x4FC6	17	34	0x506A	0x5179	True	271	16	37
0x07446C	0x1D	0x046C	0x446C	17	34	0x46F4	0x7EF5	True	14337	16	37
0x074E10	0x1D	0x0E10	0x4E10	37	74	0x4F0A	0x4E5A	False	-176	16	37
0x074E38	0x1D	0x0E38	0x4E38	17	34	0x4E5A	0x4E5A	True	0	16	37
0x074FC6	0x1D	0x0FC6	0x4FC6	17	34	0x506A	0x5179	True	271	16	37
0x076B28	0x1D	0x2B28	0x6B28	17	34	0x4D6C	0x7F6C	True	12800	16	37
0x0780B6	0x1E	0x00B6	0x40B6	37	74	0x7D5B	0x6CA4	False	-4279	16	37
0x07BC6C	0x1E	0x3C6C	0x7C6C	17	34	0x6564	0x7F20	True	6588	16	37
0x07C068	0x1F	0x0068	0x4068	37	74	0x578E	0x617C	False	2542	16	37
0x07C0B6	0x1F	0x00B6	0x40B6	37	74	0x60D2	0x4E36	False	-4764	16	37
0x07DA44	0x1F	0x1A44	0x5A44	37	74	0x5B50	0x5ACD	False	-131	16	37
0x08C070	0x23	0x0070	0x4070	17	34	0x45F9	0x6349	True	7504	16	37
0x09392C	0x24	0x392C	0x792C	17	34	0x6828	0x7EFC	True	5844	16	37
0x0E1FFC	0x38	0x1FFC	0x5FFC	17	34	0x604D	0x60EF	True	162	16	37
0x0FC224	0x3F	0x0224	0x4224	17	34	0x5A56	0x7F7E	True	9512	16	37
0x0FEE18	0x3F	0x2E18	0x6E18	17	34	0x6210	0x6210	True	0	16	37
0x01D6DA	0x07	0x16DA	0x56DA	16	32	0x663B	0x753B	True	3840	16	36
0x01E01A	0x07	0x201A	0x601A	16	32	0x7674	0x7692	True	30	16	36
0x0242AA	0x09	0x02AA	0x42AA	16	32	0x422D	0x42A1	True	116	16	36
0x0243C0	0x09	0x03C0	0x43C0	16	32	0x4352	0x43A2	True	80	16	36
0x026FCA	0x09	0x2FCA	0x6FCA	16	32	0x6BAC	0x6FB1	True	1029	16	36
0x0381C8	0x0E	0x01C8	0x41C8	16	32	0x4C1E	0x5446	True	2088	16	36
0x038260	0x0E	0x0260	0x4260	16	32	0x61D3	0x6785	True	1458	16	36
0x03829A	0x0E	0x029A	0x429A	16	32	0x6B51	0x7654	True	2819	16	36
0x04DD48	0x13	0x1D48	0x5D48	16	32	0x415E	0x7D5E	True	15360	16	36
0x07046E	0x1C	0x046E	0x446E	16	32	0x46F4	0x7EF5	True	14337	16	36
0x070E12	0x1C	0x0E12	0x4E12	36	72	0x4F14	0x4E5A	False	-186	16	36
0x070E3A	0x1C	0x0E3A	0x4E3A	16	32	0x4E5A	0x4E5A	True	0	16	36
0x070FC8	0x1C	0x0FC8	0x4FC8	16	32	0x508B	0x5179	True	238	16	36
0x07446E	0x1D	0x046E	0x446E	16	32	0x46F4	0x7EF5	True	14337	16	36
0x074E12	0x1D	0x0E12	0x4E12	36	72	0x4F14	0x4E5A	False	-186	16	36
0x074E3A	0x1D	0x0E3A	0x4E3A	16	32	0x4E5A	0x4E5A	True	0	16	36
0x074FC8	0x1D	0x0FC8	0x4FC8	16	32	0x508B	0x5179	True	238	16	36
0x076B2A	0x1D	0x2B2A	0x6B2A	16	32	0x506C	0x7F6C	True	12032	16	36
0x0780B8	0x1E	0x00B8	0x40B8	36	72	0x7767	0x6CA4	False	-2755	16	36
0x07BC6E	0x1E	0x3C6E	0x7C6E	16	32	0x6620	0x7F20	True	6400	16	36
0x07C06A	0x1F	0x006A	0x406A	36	72	0x58D7	0x617C	False	2213	16	36
0x07C0B8	0x1F	0x00B8	0x40B8	36	72	0x60C2	0x4E36	False	-4748	16	36
0x07DA46	0x1F	0x1A46	0x5A46	36	72	0x5B47	0x5ACD	False	-122	16	36
0x08C072	0x23	0x0072	0x4072	16	32	0x47CE	0x6349	True	7035	16	36
0x09392E	0x24	0x392E	0x792E	16	32	0x6995	0x7EFC	True	5479	16	36
0x0E1FFE	0x38	0x1FFE	0x5FFE	16	32	0x6056	0x60EF	True	153	16	36
0x0FC226	0x3F	0x0226	0x4226	16	32	0x5C5B	0x7F7E	True	8995	16	36
0x0FEE1A	0x3F	0x2E1A	0x6E1A	16	32	0x6210	0x6210	True	0	16	36
0x01D6DC	0x07	0x16DC	0x56DC	15	30	0x673B	0x753B	True	3584	15	35
0x01E01C	0x07	0x201C	0x601C	15	30	0x7676	0x7692	True	28	15	35
0x0240CE	0x09	0x00CE	0x40CE	15	30	0x408D	0x40CA	True	61	15	35
0x0242AC	0x09	0x02AC	0x42AC	15	30	0x4233	0x42A1	True	110	15	35
0x0243C2	0x09	0x03C2	0x43C2	15	30	0x435B	0x43A2	True	71	15	35
0x026FCC	0x09	0x2FCC	0x6FCC	15	30	0x6BAD	0x6FB1	True	1028	15	35
0x0381CA	0x0E	0x01CA	0x41CA	15	30	0x4C2D	0x5446	True	2073	15	35
0x038204	0x0E	0x0204	0x4204	15	30	0x4F6C	0x574C	True	2016	15	35
0x038262	0x0E	0x0262	0x4262	15	30	0x628B	0x6785	True	1274	15	35
0x03829C	0x0E	0x029C	0x429C	15	30	0x6B88	0x7654	True	2764	15	35
0x04DD4A	0x13	0x1D4A	0x5D4A	15	30	0x455E	0x7D5E	True	14336	15	35
0x070470	0x1C	0x0470	0x4470	15	30	0x46F4	0x7EF5	True	14337	15	35
0x070E14	0x1C	0x0E14	0x4E14	35	70	0x4F1E	0x4E5A	False	-196	16	35
0x070E3C	0x1C	0x0E3C	0x4E3C	15	30	0x4E5A	0x4E5A	True	0	15	35
0x070FCA	0x1C	0x0FCA	0x4FCA	15	30	0x509B	0x5179	True	222	15	35
0x074470	0x1D	0x0470	0x4470	15	30	0x46F4	0x7EF5	True	14337	15	35
0x074E14	0x1D	0x0E14	0x4E14	35	70	0x4F1E	0x4E5A	False	-196	16	35
0x074E3C	0x1D	0x0E3C	0x4E3C	15	30	0x4E5A	0x4E5A	True	0	15	35
0x074FCA	0x1D	0x0FCA	0x4FCA	15	30	0x509B	0x5179	True	222	15	35
0x076B2C	0x1D	0x2B2C	0x6B2C	15	30	0x536C	0x7F6C	True	11264	15	35
0x0780BA	0x1E	0x00BA	0x40BA	35	70	0x7DAA	0x6CA4	False	-4358	16	35
0x07BC70	0x1E	0x3C70	0x7C70	15	30	0x6867	0x7F20	True	5817	15	35
0x07C06C	0x1F	0x006C	0x406C	35	70	0x6064	0x617C	False	280	16	35
0x07C0BA	0x1F	0x00BA	0x40BA	35	70	0x417E	0x4E36	False	3256	16	35
0x07DA48	0x1F	0x1A48	0x5A48	35	70	0x5B61	0x5ACD	False	-148	16	35
0x08C074	0x23	0x0074	0x4074	15	30	0x49A3	0x6349	True	6566	15	35
0x093930	0x24	0x3930	0x7930	15	30	0x6B02	0x7EFC	True	5114	15	35
0x0E2000	0x38	0x2000	0x6000	15	30	0x6060	0x60EF	True	143	15	35
0x0FC228	0x3F	0x0228	0x4228	15	30	0x5E5D	0x7F7E	True	8481	15	35
0x0FEE1C	0x3F	0x2E1C	0x6E1C	15	30	0x6210	0x6210	True	0	15	35
0x01C2EE	0x07	0x02EE	0x42EE	14	28	0x4603	0x533B	True	3384	14	34
0x01D6DE	0x07	0x16DE	0x56DE	14	28	0x683B	0x753B	True	3328	14	34
0x01E01E	0x07	0x201E	0x601E	14	28	0x7678	0x7692	True	26	14	34
0x0240D0	0x09	0x00D0	0x40D0	14	28	0x408F	0x40CA	True	59	14	34
0x0242AE	0x09	0x02AE	0x42AE	14	28	0x423D	0x42A1	True	100	14	34
0x0243C4	0x09	0x03C4	0x43C4	14	28	0x4362	0x43A2	True	64	14	34
0x026FCE	0x09	0x2FCE	0x6FCE	14	28	0x6C04	0x6FB1	True	941	14	34
0x0381CC	0x0E	0x01CC	0x41CC	14	28	0x4CC6	0x5446	True	1920	14	34
0x038206	0x0E	0x0206	0x4206	14	28	0x4FB4	0x574C	True	1944	14	34
0x038226	0x0E	0x0226	0x4226	14	28	0x56AB	0x5B68	True	1213	14	34
0x038264	0x0E	0x0264	0x4264	14	28	0x62EA	0x6785	True	1179	14	34
0x03829E	0x0E	0x029E	0x429E	14	28	0x6BC5	0x7654	True	2703	14	34
0x04DD4C	0x13	0x1D4C	0x5D4C	14	28	0x495E	0x7D5E	True	13312	14	34
0x070472	0x1C	0x0472	0x4472	14	28	0x46F4	0x7EF5	True	14337	14	34
0x070E16	0x1C	0x0E16	0x4E16	34	68	0x4F28	0x4E5A	False	-206	16	34
0x070E3E	0x1C	0x0E3E	0x4E3E	14	28	0x4E5A	0x4E5A	True	0	14	34
0x070FCC	0x1C	0x0FCC	0x4FCC	14	28	0x50A7	0x5179	True	210	14	34
0x074472	0x1D	0x0472	0x4472	14	28	0x46F4	0x7EF5	True	14337	14	34
0x074E16	0x1D	0x0E16	0x4E16	34	68	0x4F28	0x4E5A	False	-206	16	34
0x074E3E	0x1D	0x0E3E	0x4E3E	14	28	0x4E5A	0x4E5A	True	0	14	34
0x074FCC	0x1D	0x0FCC	0x4FCC	14	28	0x50A7	0x5179	True	210	14	34
0x076B2E	0x1D	0x2B2E	0x6B2E	14	28	0x566C	0x7F6C	True	10496	14	34
0x0780BC	0x1E	0x00BC	0x40BC	34	68	0x77A9	0x6CA4	False	-2821	16	34
0x07BC72	0x1E	0x3C72	0x7C72	14	28	0x6A69	0x7F20	True	5303	14	34
0x07C06E	0x1F	0x006E	0x406E	34	68	0x58FC	0x617C	False	2176	16	34
0x07C0BC	0x1F	0x00BC	0x40BC	34	68	0x417E	0x4E36	False	3256	16	34
0x07DA4A	0x1F	0x1A4A	0x5A4A	34	68	0x5AD4	0x5ACD	False	-7	16	34
0x08C076	0x23	0x0076	0x4076	14	28	0x4B78	0x6349	True	6097	14	34
0x093932	0x24	0x3932	0x7932	14	28	0x6C6F	0x7EFC	True	4749	14	34
0x0E2002	0x38	0x2002	0x6002	14	28	0x6069	0x60EF	True	134	14	34
0x0FC22A	0x3F	0x022A	0x422A	14	28	0x615F	0x7F7E	True	7711	14	34
0x0FEE1E	0x3F	0x2E1E	0x6E1E	14	28	0x6210	0x6210	True	0	14	34
0x01C2F0	0x07	0x02F0	0x42F0	13	26	0x473B	0x533B	True	3072	13	33
0x01D6E0	0x07	0x16E0	0x56E0	13	26	0x693B	0x753B	True	3072	13	33
0x01E020	0x07	0x2020	0x6020	13	26	0x767A	0x7692	True	24	13	33
0x0240D2	0x09	0x00D2	0x40D2	13	26	0x4093	0x40CA	True	55	13	33
0x0242B0	0x09	0x02B0	0x42B0	13	26	0x4247	0x42A1	True	90	13	33
0x0243C6	0x09	0x03C6	0x43C6	13	26	0x4369	0x43A2	True	57	13	33
0x026FD0	0x09	0x2FD0	0x6FD0	13	26	0x6CD8	0x6FB1	True	729	13	33
0x0381CE	0x0E	0x01CE	0x41CE	13	26	0x4D0C	0x5446	True	1850	13	33
0x038208	0x0E	0x0208	0x4208	13	26	0x5034	0x574C	True	1816	13	33
0x038228	0x0E	0x0228	0x4228	13	26	0x5755	0x5B68	True	1043	13	33
0x038266	0x0E	0x0266	0x4266	13	26	0x6407	0x6785	True	894	13	33
0x0382A0	0x0E	0x02A0	0x42A0	13	26	0x6CB6	0x7654	True	2462	13	33
0x04DD4E	0x13	0x1D4E	0x5D4E	13	26	0x4D5E	0x7D5E	True	12288	13	33
0x070474	0x1C	0x0474	0x4474	13	26	0x46F4	0x7EF5	True	14337	13	33
0x070E18	0x1C	0x0E18	0x4E18	33	66	0x4F2F	0x4E5A	False	-213	16	33
0x070E40	0x1C	0x0E40	0x4E40	13	26	0x4E5A	0x4E5A	True	0	13	33
0x070FCE	0x1C	0x0FCE	0x4FCE	13	26	0x50B3	0x5179	True	198	13	33
0x074474	0x1D	0x0474	0x4474	13	26	0x46F4	0x7EF5	True	14337	13	33
0x074E18	0x1D	0x0E18	0x4E18	33	66	0x4F2F	0x4E5A	False	-213	16	33
0x074E40	0x1D	0x0E40	0x4E40	13	26	0x4E5A	0x4E5A	True	0	13	33
0x074FCE	0x1D	0x0FCE	0x4FCE	13	26	0x50B3	0x5179	True	198	13	33
0x076B30	0x1D	0x2B30	0x6B30	13	26	0x596C	0x7F6C	True	9728	13	33
0x0780BE	0x1E	0x00BE	0x40BE	33	66	0x7776	0x6CA4	False	-2770	16	33
0x07BC74	0x1E	0x3C74	0x7C74	13	26	0x6B20	0x7F20	True	5120	13	33
0x07C070	0x1F	0x0070	0x4070	33	66	0x5905	0x617C	False	2167	16	33
0x07C0BE	0x1F	0x00BE	0x40BE	33	66	0x417E	0x4E36	False	3256	16	33
0x07DA4C	0x1F	0x1A4C	0x5A4C	33	66	0x5A8E	0x5ACD	False	63	16	33
0x08C078	0x23	0x0078	0x4078	13	26	0x4D4D	0x6349	True	5628	13	33
0x093934	0x24	0x3934	0x7934	13	26	0x6DDD	0x7EFC	True	4383	13	33
0x0E2004	0x38	0x2004	0x6004	13	26	0x6074	0x60EF	True	123	13	33
0x0FC22C	0x3F	0x022C	0x422C	13	26	0x6362	0x7F7E	True	7196	13	33
0x0FEE20	0x3F	0x2E20	0x6E20	13	26	0x6210	0x6210	True	0	13	33
0x018BB0	0x06	0x0BB0	0x4BB0	12	24	0x5555	0x5555	True	0	12	32
0x01C2F2	0x07	0x02F2	0x42F2	12	24	0x483B	0x533B	True	2816	12	32
0x01D6E2	0x07	0x16E2	0x56E2	12	24	0x6A3B	0x753B	True	2816	12	32
0x01E022	0x07	0x2022	0x6022	12	24	0x767C	0x7692	True	22	12	32
0x0240D4	0x09	0x00D4	0x40D4	12	24	0x4097	0x40CA	True	51	12	32
0x0242B2	0x09	0x02B2	0x42B2	12	24	0x4252	0x42A1	True	79	12	32
0x0242F4	0x09	0x02F4	0x42F4	12	24	0x42CA	0x42F1	True	39	12	32
0x0243C8	0x09	0x03C8	0x43C8	12	24	0x436C	0x43A2	True	54	12	32
0x026FD2	0x09	0x2FD2	0x6FD2	12	24	0x6D81	0x6FB1	True	560	12	32
0x0381D0	0x0E	0x01D0	0x41D0	12	24	0x4DBA	0x5446	True	1676	12	32
0x03820A	0x0E	0x020A	0x420A	12	24	0x505B	0x574C	True	1777	12	32
0x03822A	0x0E	0x022A	0x422A	12	24	0x579C	0x5B68	True	972	12	32
0x038268	0x0E	0x0268	0x4268	12	24	0x6462	0x6785	True	803	12	32
0x0382A2	0x0E	0x02A2	0x42A2	12	24	0x723A	0x7654	True	1050	12	32
0x038884	0x0E	0x0884	0x4884	12	24	0x6DB6	0x71B6	True	1024	12	32
0x04DD50	0x13	0x1D50	0x5D50	12	24	0x515E	0x7D5E	True	11264	12	32
0x070476	0x1C	0x0476	0x4476	12	24	0x46F4	0x7EF5	True	14337	12	32
0x070E1A	0x1C	0x0E1A	0x4E1A	32	64	0x4F36	0x4E5A	False	-220	16	32
0x070E42	0x1C	0x0E42	0x4E42	12	24	0x4E5A	0x4E5A	True	0	12	32
0x070FD0	0x1C	0x0FD0	0x4FD0	12	24	0x50CE	0x5179	True	171	12	32
0x074476	0x1D	0x0476	0x4476	12	24	0x46F4	0x7EF5	True	14337	12	32
0x074E1A	0x1D	0x0E1A	0x4E1A	32	64	0x4F36	0x4E5A	False	-220	16	32
0x074E42	0x1D	0x0E42	0x4E42	12	24	0x4E5A	0x4E5A	True	0	12	32
0x074FD0	0x1D	0x0FD0	0x4FD0	12	24	0x50CE	0x5179	True	171	12	32
0x076B32	0x1D	0x2B32	0x6B32	12	24	0x5C6C	0x7F6C	True	8960	12	32
0x0780C0	0x1E	0x00C0	0x40C0	32	64	0x6D2A	0x6CA4	False	-134	16	32
0x07BC76	0x1E	0x3C76	0x7C76	12	24	0x6D6C	0x7F20	True	4532	12	32
0x07C072	0x1F	0x0072	0x4072	32	64	0x59F9	0x617C	False	1923	16	32
0x07C0C0	0x1F	0x00C0	0x40C0	32	64	0x4437	0x4E36	False	2559	16	32
0x07DA4E	0x1F	0x1A4E	0x5A4E	32	64	0x5A94	0x5ACD	False	57	16	32
0x08C07A	0x23	0x007A	0x407A	12	24	0x4F22	0x6349	True	5159	12	32
0x093936	0x24	0x3936	0x7936	12	24	0x6F4A	0x7EFC	True	4018	12	32
0x0E2006	0x38	0x2006	0x6006	12	24	0x607D	0x60EF	True	114	12	32
0x0E4BB0	0x39	0x0BB0	0x4BB0	12	24	0x5555	0x5555	True	0	12	32
0x0FC22E	0x3F	0x022E	0x422E	12	24	0x6665	0x7F7E	True	6425	12	32
0x0FEE22	0x3F	0x2E22	0x6E22	12	24	0x6210	0x6210	True	0	12	32
0x018BB2	0x06	0x0BB2	0x4BB2	11	22	0x5555	0x5555	True	0	11	31
0x01C2F4	0x07	0x02F4	0x42F4	11	22	0x493B	0x533B	True	2560	11	31
0x01D6E4	0x07	0x16E4	0x56E4	11	22	0x6B3B	0x753B	True	2560	11	31
0x01E024	0x07	0x2024	0x6024	11	22	0x767E	0x7692	True	20	11	31
0x0240D6	0x09	0x00D6	0x40D6	11	22	0x409A	0x40CA	True	48	11	31
0x024122	0x09	0x0122	0x4122	11	22	0x40EC	0x411D	True	49	11	31
0x0242B4	0x09	0x02B4	0x42B4	11	22	0x4257	0x42A1	True	74	11	31
0x0242F6	0x09	0x02F6	0x42F6	11	22	0x42CF	0x42F1	True	34	11	31
0x0243CA	0x09	0x03CA	0x43CA	11	22	0x4371	0x43A2	True	49	11	31
0x026FD4	0x09	0x2FD4	0x6FD4	11	22	0x6D82	0x6FB1	True	559	11	31
0x0381D2	0x0E	0x01D2	0x41D2	11	22	0x4DF5	0x5446	True	1617	11	31
0x03820C	0x0E	0x020C	0x420C	11	22	0x5098	0x574C	True	1716	11	31
0x03822C	0x0E	0x022C	0x422C	11	22	0x5806	0x5B68	True	866	11	31
0x03826A	0x0E	0x026A	0x426A	11	22	0x64B0	0x6785	True	725	11	31
0x0382A4	0x0E	0x02A4	0x42A4	11	22	0x727A	0x7654	True	986	11	31
0x038886	0x0E	0x0886	0x4886	11	22	0x6DFA	0x71B6	True	956	11	31
0x04DD52	0x13	0x1D52	0x5D52	11	22	0x555E	0x7D5E	True	10240	11	31
0x070478	0x1C	0x0478	0x4478	11	22	0x46F4	0x7EF5	True	14337	11	31
0x070E1C	0x1C	0x0E1C	0x4E1C	31	62	0x4F3D	0x4E5A	False	-227	16	31
0x070E44	0x1C	0x0E44	0x4E44	11	22	0x4E5A	0x4E5A	True	0	11	31
0x070FD2	0x1C	0x0FD2	0x4FD2	11	22	0x50DA	0x5179	True	159	11	31
0x074478	0x1D	0x0478	0x4478	11	22	0x46F4	0x7EF5	True	14337	11	31
0x074E1C	0x1D	0x0E1C	0x4E1C	31	62	0x4F3D	0x4E5A	False	-227	16	31
0x074E44	0x1D	0x0E44	0x4E44	11	22	0x4E5A	0x4E5A	True	0	11	31
0x074FD2	0x1D	0x0FD2	0x4FD2	11	22	0x50DA	0x5179	True	159	11	31
0x076B34	0x1D	0x2B34	0x6B34	11	22	0x616C	0x7F6C	True	7680	11	31
0x0780C2	0x1E	0x00C2	0x40C2	31	62	0x721D	0x6CA4	False	-1401	16	31
0x07BC78	0x1E	0x3C78	0x7C78	11	22	0x6F6E	0x7F20	True	4018	11	31
0x07C074	0x1F	0x0074	0x4074	31	62	0x5689	0x617C	False	2803	16	31
0x07C09C	0x1F	0x009C	0x409C	11	22	0x417E	0x617C	True	8190	11	31
0x07C0C2	0x1F	0x00C2	0x40C2	31	62	0x4456	0x4E36	False	2528	16	31
0x07DA50	0x1F	0x1A50	0x5A50	31	62	0x5B0D	0x5ACD	False	-64	16	31
0x08C07C	0x23	0x007C	0x407C	11	22	0x50F7	0x6349	True	4690	11	31
0x093938	0x24	0x3938	0x7938	11	22	0x70B7	0x7EFC	True	3653	11	31
0x0E2008	0x38	0x2008	0x6008	11	22	0x6088	0x60EF	True	103	11	31
0x0E2C02	0x38	0x2C02	0x6C02	11	22	0x4B00	0x736B	True	10347	11	31
0x0E4BB2	0x39	0x0BB2	0x4BB2	11	22	0x5555	0x5555	True	0	11	31
0x0FC230	0x3F	0x0230	0x4230	11	22	0x6968	0x7F7E	True	5654	11	31
0x0FEE24	0x3F	0x2E24	0x6E24	11	22	0x6210	0x6210	True	0	11	31
0x018BB4	0x06	0x0BB4	0x4BB4	10	20	0x5555	0x5555	True	0	10	30
0x01C2F6	0x07	0x02F6	0x42F6	10	20	0x4A3B	0x533B	True	2304	10	30
0x01D6E6	0x07	0x16E6	0x56E6	10	20	0x6C3B	0x753B	True	2304	10	30
0x01E026	0x07	0x2026	0x6026	10	20	0x7680	0x7692	True	18	10	30
0x024078	0x09	0x0078	0x4078	10	20	0x6500	0x7740	True	4672	10	30
0x0240D8	0x09	0x00D8	0x40D8	10	20	0x409D	0x40CA	True	45	10	30
0x024124	0x09	0x0124	0x4124	10	20	0x40F1	0x411D	True	44	10	30
0x0242B6	0x09	0x02B6	0x42B6	10	20	0x425F	0x42A1	True	66	10	30
0x0242F8	0x09	0x02F8	0x42F8	10	20	0x42D3	0x42F1	True	30	10	30
0x0243CC	0x09	0x03CC	0x43CC	10	20	0x4375	0x43A2	True	45	10	30
0x026FD6	0x09	0x2FD6	0x6FD6	10	20	0x6D83	0x6FB1	True	558	10	30
0x0381D4	0x0E	0x01D4	0x41D4	10	20	0x514C	0x5446	True	762	10	30
0x03820E	0x0E	0x020E	0x420E	10	20	0x50A5	0x574C	True	1703	10	30
0x03822E	0x0E	0x022E	0x422E	10	20	0x5862	0x5B68	True	774	10	30
0x03826C	0x0E	0x026C	0x426C	10	20	0x64D5	0x6785	True	688	10	30
0x0382A6	0x0E	0x02A6	0x42A6	10	20	0x72ED	0x7654	True	871	10	30
0x038302	0x0E	0x0302	0x4302	10	20	0x7B21	0x7D71	True	592	10	30
0x03831C	0x0E	0x031C	0x431C	10	20	0x4EE0	0x7F13	True	12339	10	30
0x038888	0x0E	0x0888	0x4888	10	20	0x6E23	0x71B6	True	915	10	30
0x04CDD0	0x13	0x0DD0	0x4DD0	10	20	0x4DE4	0x4E5C	True	120	10	30
0x04DD54	0x13	0x1D54	0x5D54	10	20	0x595E	0x7D5E	True	9216	10	30
0x067046	0x19	0x3046	0x7046	10	20	0x634F	0x6363	True	20	10	30
0x07047A	0x1C	0x047A	0x447A	10	20	0x46F4	0x7EF5	True	14337	10	30
0x070E1E	0x1C	0x0E1E	0x4E1E	30	60	0x4F57	0x4E5A	False	-253	16	30
0x070E46	0x1C	0x0E46	0x4E46	10	20	0x4E5A	0x4E5A	True	0	10	30
0x070FD4	0x1C	0x0FD4	0x4FD4	10	20	0x50EA	0x5179	True	143	10	30
0x07447A	0x1D	0x047A	0x447A	10	20	0x46F4	0x7EF5	True	14337	10	30
0x074E1E	0x1D	0x0E1E	0x4E1E	30	60	0x4F57	0x4E5A	False	-253	16	30
0x074E46	0x1D	0x0E46	0x4E46	10	20	0x4E5A	0x4E5A	True	0	10	30
0x074FD4	0x1D	0x0FD4	0x4FD4	10	20	0x50EA	0x5179	True	143	10	30
0x076B36	0x1D	0x2B36	0x6B36	10	20	0x646C	0x7F6C	True	6912	10	30
0x0780C4	0x1E	0x00C4	0x40C4	30	60	0x6D4E	0x6CA4	False	-170	16	30
0x07BC7A	0x1E	0x3C7A	0x7C7A	10	20	0x7020	0x7F20	True	3840	10	30
0x07C076	0x1F	0x0076	0x4076	30	60	0x593E	0x617C	False	2110	16	30
0x07C09E	0x1F	0x009E	0x409E	10	20	0x417E	0x617C	True	8190	10	30
0x07C0C4	0x1F	0x00C4	0x40C4	30	60	0x454A	0x4E36	False	2284	16	30
0x07DA52	0x1F	0x1A52	0x5A52	30	60	0x5AEA	0x5ACD	False	-29	16	30
0x07DA7A	0x1F	0x1A7A	0x5A7A	10	20	0x5A9A	0x5ACD	True	51	10	30
0x08C07E	0x23	0x007E	0x407E	10	20	0x52CC	0x6349	True	4221	10	30
0x09393A	0x24	0x393A	0x793A	10	20	0x7224	0x7EFC	True	3288	10	30
0x0E200A	0x38	0x200A	0x600A	10	20	0x6095	0x60EF	True	90	10	30
0x0E2C04	0x38	0x2C04	0x6C04	10	20	0x4F6B	0x736B	True	9216	10	30
0x0E4BB4	0x39	0x0BB4	0x4BB4	10	20	0x5555	0x5555	True	0	10	30
0x0FC232	0x3F	0x0232	0x4232	10	20	0x6C6B	0x7F7E	True	4883	10	30
0x0FEE26	0x3F	0x2E26	0x6E26	10	20	0x6210	0x6210	True	0	10	30
0x003958	0x00	0x3958	0x3958	29	58	0x4544	0x4342	False	-514	16	29
0x018BB6	0x06	0x0BB6	0x4BB6	9	18	0x5555	0x5555	True	0	9	29
0x01C2F8	0x07	0x02F8	0x42F8	9	18	0x4B3B	0x533B	True	2048	9	29
0x01C528	0x07	0x0528	0x4528	9	18	0x463A	0x76F4	True	12474	9	29
0x01D6E8	0x07	0x16E8	0x56E8	9	18	0x6D3B	0x753B	True	2048	9	29
0x01E028	0x07	0x2028	0x6028	9	18	0x7682	0x7692	True	16	9	29
0x02017A	0x08	0x017A	0x417A	9	18	0x4116	0x416B	True	85	9	29
0x02407A	0x09	0x007A	0x407A	9	18	0x6740	0x7740	True	4096	9	29
0x0240DA	0x09	0x00DA	0x40DA	9	18	0x40A1	0x40CA	True	41	9	29
0x024126	0x09	0x0126	0x4126	9	18	0x40F6	0x411D	True	39	9	29
0x0242B8	0x09	0x02B8	0x42B8	9	18	0x426B	0x42A1	True	54	9	29
0x0242FA	0x09	0x02FA	0x42FA	9	18	0x42D6	0x42F1	True	27	9	29
0x0243CE	0x09	0x03CE	0x43CE	9	18	0x4378	0x43A2	True	42	9	29
0x026FD8	0x09	0x2FD8	0x6FD8	9	18	0x6DDA	0x6FB1	True	471	9	29
0x0381D6	0x0E	0x01D6	0x41D6	9	18	0x51A5	0x5446	True	673	9	29
0x038210	0x0E	0x0210	0x4210	9	18	0x50D8	0x574C	True	1652	9	29
0x038230	0x0E	0x0230	0x4230	9	18	0x58A1	0x5B68	True	711	9	29
0x03826E	0x0E	0x026E	0x426E	9	18	0x6559	0x6785	True	556	9	29
0x0382A8	0x0E	0x02A8	0x42A8	9	18	0x7300	0x7654	True	852	9	29
0x038304	0x0E	0x0304	0x4304	9	18	0x7B56	0x7D71	True	539	9	29
0x03831E	0x0E	0x031E	0x431E	9	18	0x7D9E	0x7F13	True	373	9	29
0x03888A	0x0E	0x088A	0x488A	9	18	0x6E58	0x71B6	True	862	9	29
0x04CDD2	0x13	0x0DD2	0x4DD2	9	18	0x4DF6	0x4E5C	True	102	9	29
0x04DD56	0x13	0x1D56	0x5D56	9	18	0x5D5E	0x7D5E	True	8192	9	29
0x067048	0x19	0x3048	0x7048	9	18	0x6363	0x6363	True	0	9	29
0x07047C	0x1C	0x047C	0x447C	9	18	0x46F4	0x7EF5	True	14337	9	29
0x070E20	0x1C	0x0E20	0x4E20	29	58	0x4F62	0x4E5A	False	-264	16	29
0x070E48	0x1C	0x0E48	0x4E48	9	18	0x4E5A	0x4E5A	True	0	9	29
0x070FD6	0x1C	0x0FD6	0x4FD6	9	18	0x50F4	0x5179	True	133	9	29
0x07447C	0x1D	0x047C	0x447C	9	18	0x46F4	0x7EF5	True	14337	9	29
0x074E20	0x1D	0x0E20	0x4E20	29	58	0x4F62	0x4E5A	False	-264	16	29
0x074E48	0x1D	0x0E48	0x4E48	9	18	0x4E5A	0x4E5A	True	0	9	29
0x074FD6	0x1D	0x0FD6	0x4FD6	9	18	0x50F4	0x5179	True	133	9	29
0x076A90	0x1D	0x2A90	0x6A90	9	18	0x696C	0x7F6B	True	5631	9	29
0x076B38	0x1D	0x2B38	0x6B38	9	18	0x676C	0x7F6C	True	6144	9	29
0x0780C6	0x1E	0x00C6	0x40C6	29	58	0x6D6D	0x6CA4	False	-201	16	29
0x07BC7C	0x1E	0x3C7C	0x7C7C	9	18	0x7271	0x7F20	True	3247	9	29
0x07C078	0x1F	0x0078	0x4078	29	58	0x4100	0x617C	False	8316	16	29
0x07C0A0	0x1F	0x00A0	0x40A0	9	18	0x417E	0x617C	True	8190	9	29
0x07C0C6	0x1F	0x00C6	0x40C6	29	58	0x4566	0x4E36	False	2256	16	29
0x07DA54	0x1F	0x1A54	0x5A54	29	58	0x5A41	0x5ACD	False	140	16	29
0x07DA7C	0x1F	0x1A7C	0x5A7C	9	18	0x5A9D	0x5ACD	True	48	9	29
0x08C080	0x23	0x0080	0x4080	9	18	0x54A1	0x6349	True	3752	9	29
0x09393C	0x24	0x393C	0x793C	9	18	0x7392	0x7EFC	True	2922	9	29
0x0E200C	0x38	0x200C	0x600C	9	18	0x609E	0x60EF	True	81	9	29
0x0E2C06	0x38	0x2C06	0x6C06	9	18	0x536B	0x736B	True	8192	9	29
0x0E4BB6	0x39	0x0BB6	0x4BB6	9	18	0x5555	0x5555	True	0	9	29
0x0FC234	0x3F	0x0234	0x4234	9	18	0x6E6D	0x7F7E	True	4369	9	29
0x0FEE28	0x3F	0x2E28	0x6E28	9	18	0x6210	0x6210	True	0	9	29
0x00395A	0x00	0x395A	0x395A	28	56	0x4746	0x4342	False	-1028	16	28
0x004892	0x01	0x0892	0x4892	8	16	0x4040	0x7070	True	12336	8	28
0x004982	0x01	0x0982	0x4982	8	16	0x485C	0x485C	True	0	8	28
0x018600	0x06	0x0600	0x4600	8	16	0x41AA	0x41AA	True	0	8	28
0x018AA0	0x06	0x0AA0	0x4AA0	8	16	0x5C5F	0x5C5F	True	0	8	28
0x018AE0	0x06	0x0AE0	0x4AE0	8	16	0x5C5F	0x5C5F	True	0	8	28
0x018BB8	0x06	0x0BB8	0x4BB8	8	16	0x5555	0x5555	True	0	8	28
0x018C30	0x06	0x0C30	0x4C30	8	16	0x724E	0x724E	True	0	8	28
0x01C2FA	0x07	0x02FA	0x42FA	8	16	0x4C3B	0x533B	True	1792	8	28
0x01C52A	0x07	0x052A	0x452A	8	16	0x4E42	0x76F4	True	10418	8	28
0x01D124	0x07	0x1124	0x5124	8	16	0x76AE	0x76BC	True	14	8	28
0x01D6EA	0x07	0x16EA	0x56EA	8	16	0x6E3B	0x753B	True	1792	8	28
0x01D702	0x07	0x1702	0x5702	8	16	0x5CDE	0x7F3B	True	8797	8	28
0x01D7CC	0x07	0x17CC	0x57CC	8	16	0x41DE	0x79DE	True	14336	8	28
0x01D850	0x07	0x1850	0x5850	8	16	0x40D8	0x79B8	True	14560	8	28
0x01D890	0x07	0x1890	0x5890	8	16	0x41D9	0x79D9	True	14336	8	28
0x01E02A	0x07	0x202A	0x602A	8	16	0x7684	0x7692	True	14	8	28
0x02017C	0x08	0x017C	0x417C	8	16	0x411D	0x416B	True	78	8	28
0x02407C	0x09	0x007C	0x407C	8	16	0x6940	0x7740	True	3584	8	28
0x0240DC	0x09	0x00DC	0x40DC	8	16	0x40A8	0x40CA	True	34	8	28
0x024128	0x09	0x0128	0x4128	8	16	0x40FB	0x411D	True	34	8	28
0x0242BA	0x09	0x02BA	0x42BA	8	16	0x426F	0x42A1	True	50	8	28
0x0242FC	0x09	0x02FC	0x42FC	8	16	0x42D9	0x42F1	True	24	8	28
0x0243D0	0x09	0x03D0	0x43D0	8	16	0x437B	0x43A2	True	39	8	28
0x026FDA	0x09	0x2FDA	0x6FDA	8	16	0x6EE2	0x6FB1	True	207	8	28
0x0381D8	0x0E	0x01D8	0x41D8	8	16	0x524E	0x5446	True	504	8	28
0x038212	0x0E	0x0212	0x4212	8	16	0x51D6	0x574C	True	1398	8	28
0x038232	0x0E	0x0232	0x4232	8	16	0x5921	0x5B68	True	583	8	28
0x038270	0x0E	0x0270	0x4270	8	16	0x660D	0x6785	True	376	8	28
0x0382AA	0x0E	0x02AA	0x42AA	8	16	0x731A	0x7654	True	826	8	28
0x038306	0x0E	0x0306	0x4306	8	16	0x7B94	0x7D71	True	477	8	28
0x038320	0x0E	0x0320	0x4320	8	16	0x7DD8	0x7F13	True	315	8	28
0x03888C	0x0E	0x088C	0x488C	8	16	0x6EAB	0x71B6	True	779	8	28
0x04CDD4	0x13	0x0DD4	0x4DD4	8	16	0x4E01	0x4E5C	True	91	8	28
0x04DD58	0x13	0x1D58	0x5D58	8	16	0x615E	0x7D5E	True	7168	8	28
0x054548	0x15	0x0548	0x4548	8	16	0x4558	0x4599	True	65	8	28
0x0581F0	0x16	0x01F0	0x41F0	8	16	0x4FD3	0x4FD3	True	0	8	28
0x06704A	0x19	0x304A	0x704A	8	16	0x6363	0x6363	True	0	8	28
0x07047E	0x1C	0x047E	0x447E	8	16	0x46F4	0x7EF5	True	14337	8	28
0x070E22	0x1C	0x0E22	0x4E22	28	56	0x4F82	0x4E5A	False	-296	16	28
0x070E4A	0x1C	0x0E4A	0x4E4A	8	16	0x4E5A	0x4E5A	True	0	8	28
0x070FD8	0x1C	0x0FD8	0x4FD8	8	16	0x5105	0x5179	True	116	8	28
0x07120C	0x1C	0x120C	0x520C	8	16	0x471C	0x7E52	True	14134	8	28
0x07447E	0x1D	0x047E	0x447E	8	16	0x46F4	0x7EF5	True	14337	8	28
0x074E22	0x1D	0x0E22	0x4E22	28	56	0x4F82	0x4E5A	False	-296	16	28
0x074E4A	0x1D	0x0E4A	0x4E4A	8	16	0x4E5A	0x4E5A	True	0	8	28
0x074FD8	0x1D	0x0FD8	0x4FD8	8	16	0x5105	0x5179	True	116	8	28
0x076A92	0x1D	0x2A92	0x6A92	8	16	0x6A6B	0x7F6B	True	5376	8	28
0x076B3A	0x1D	0x2B3A	0x6B3A	8	16	0x6A6C	0x7F6C	True	5376	8	28
0x0780C8	0x1E	0x00C8	0x40C8	28	56	0x6DDF	0x6CA4	False	-315	16	28
0x07BC7E	0x1E	0x3C7E	0x7C7E	8	16	0x7473	0x7F20	True	2733	8	28
0x07C07A	0x1F	0x007A	0x407A	28	56	0x5918	0x617C	False	2148	16	28
0x07C0A2	0x1F	0x00A2	0x40A2	8	16	0x417E	0x617C	True	8190	8	28
0x07C0C8	0x1F	0x00C8	0x40C8	28	56	0x4577	0x4E36	False	2239	16	28
0x07DA56	0x1F	0x1A56	0x5A56	28	56	0x5B39	0x5ACD	False	-108	16	28
0x07DA7E	0x1F	0x1A7E	0x5A7E	8	16	0x5AA0	0x5ACD	True	45	8	28
0x07F7D4	0x1F	0x37D4	0x77D4	8	16	0x583A	0x5850	True	22	8	28
0x08C082	0x23	0x0082	0x4082	8	16	0x5676	0x6349	True	3283	8	28
0x09393E	0x24	0x393E	0x793E	8	16	0x74FF	0x7EFC	True	2557	8	28
0x0E200E	0x38	0x200E	0x600E	8	16	0x60A7	0x60EF	True	72	8	28
0x0E2B78	0x38	0x2B78	0x6B78	8	16	0x5F00	0x7D6A	True	7786	8	28
0x0E2C08	0x38	0x2C08	0x6C08	8	16	0x576B	0x736B	True	7168	8	28
0x0E4AA0	0x39	0x0AA0	0x4AA0	8	16	0x5C5F	0x5C5F	True	0	8	28
0x0E4AE0	0x39	0x0AE0	0x4AE0	8	16	0x5C5F	0x5C5F	True	0	8	28
0x0E4BB8	0x39	0x0BB8	0x4BB8	8	16	0x5555	0x5555	True	0	8	28
0x0E4C30	0x39	0x0C30	0x4C30	8	16	0x724E	0x724E	True	0	8	28
0x0FC236	0x3F	0x0236	0x4236	8	16	0x706F	0x7F7E	True	3855	8	28
0x0FEE2A	0x3F	0x2E2A	0x6E2A	8	16	0x6210	0x6210	True	0	8	28
0x0FFB0A	0x3F	0x3B0A	0x7B0A	8	16	0x7B5A	0x7B84	True	42	8	28
0x00395C	0x00	0x395C	0x395C	27	54	0x4948	0x4342	False	-1542	16	27
0x033566	0x0C	0x3566	0x7566	27	54	0x4E8F	0x7877	False	10728	16	27
0x070E24	0x1C	0x0E24	0x4E24	27	54	0x4F9A	0x4E5A	False	-320	16	27
0x074E24	0x1D	0x0E24	0x4E24	27	54	0x4F9A	0x4E5A	False	-320	16	27
0x0780CA	0x1E	0x00CA	0x40CA	27	54	0x6E29	0x6CA4	False	-389	16	27
0x07C07C	0x1F	0x007C	0x407C	27	54	0x598C	0x617C	False	2032	16	27
0x07C0CA	0x1F	0x00CA	0x40CA	27	54	0x45CA	0x4E36	False	2156	16	27
0x07DA58	0x1F	0x1A58	0x5A58	27	54	0x5B15	0x5ACD	False	-72	16	27
0x00395E	0x00	0x395E	0x395E	26	52	0x4B4A	0x4342	False	-2056	16	26
0x033568	0x0C	0x3568	0x7568	26	52	0x504F	0x7877	False	10280	16	26
0x0780CC	0x1E	0x00CC	0x40CC	26	52	0x6F61	0x6CA4	False	-701	16	26
0x07C07E	0x1F	0x007E	0x407E	26	52	0x5E32	0x617C	False	842	16	26
0x07C0CC	0x1F	0x00CC	0x40CC	26	52	0x45DA	0x4E36	False	2140	16	26
0x07DA5A	0x1F	0x1A5A	0x5A5A	26	52	0x5B45	0x5ACD	False	-120	16	26
0x003960	0x00	0x3960	0x3960	25	50	0x4D4C	0x4342	False	-2570	16	25
0x03356A	0x0C	0x356A	0x756A	25	50	0x5251	0x7877	False	9766	16	25
0x0780CE	0x1E	0x00CE	0x40CE	25	50	0x6F75	0x6CA4	False	-721	16	25
0x07C080	0x1F	0x0080	0x4080	25	50	0x5DE6	0x617C	False	918	16	25
0x07C0CE	0x1F	0x00CE	0x40CE	25	50	0x47B7	0x4E36	False	1663	16	25
0x07DA5C	0x1F	0x1A5C	0x5A5C	25	50	0x5A9A	0x5ACD	False	51	16	25
0x003962	0x00	0x3962	0x3962	24	48	0x4E14	0x4342	False	-2770	16	24
0x03356C	0x0C	0x356C	0x756C	24	48	0x534A	0x7877	False	9517	16	24
0x0780D0	0x1E	0x00D0	0x40D0	24	48	0x6F8A	0x6CA4	False	-742	16	24
0x07C082	0x1F	0x0082	0x4082	24	48	0x5E0C	0x617C	False	880	16	24
0x07C0D0	0x1F	0x00D0	0x40D0	24	48	0x49DE	0x4E36	False	1112	16	24
0x07DA5E	0x1F	0x1A5E	0x5A5E	24	48	0x5A9D	0x5ACD	False	48	16	24
0x003964	0x00	0x3964	0x3964	23	46	0x504F	0x4342	False	-3341	16	23
0x03356E	0x0C	0x356E	0x756E	23	46	0x5554	0x7877	False	8995	16	23
0x0780D2	0x1E	0x00D2	0x40D2	23	46	0x6F96	0x6CA4	False	-754	16	23
0x07C084	0x1F	0x0084	0x4084	23	46	0x6A15	0x617C	False	-2201	16	23
0x07C0D2	0x1F	0x00D2	0x40D2	23	46	0x4AA0	0x4E36	False	918	16	23
0x07DA60	0x1F	0x1A60	0x5A60	23	46	0x5B72	0x5ACD	False	-165	16	23
0x003966	0x00	0x3966	0x3966	22	44	0x5251	0x4342	False	-3855	16	22
0x033570	0x0C	0x3570	0x7570	22	44	0x5756	0x7877	False	8481	16	22
0x0780D4	0x1E	0x00D4	0x40D4	22	44	0x6FD5	0x6CA4	False	-817	16	22
0x07C086	0x1F	0x0086	0x4086	22	44	0x4EAF	0x617C	False	4813	16	22
0x07C0D4	0x1F	0x00D4	0x40D4	22	44	0x4B98	0x4E36	False	670	16	22
0x07DA62	0x1F	0x1A62	0x5A62	22	44	0x5B81	0x5ACD	False	-180	16	22
0x003968	0x00	0x3968	0x3968	21	42	0x5453	0x4342	False	-4369	16	21
0x033572	0x0C	0x3572	0x7572	21	42	0x584B	0x7877	False	8236	16	21
0x0780D6	0x1E	0x00D6	0x40D6	21	42	0x6FE6	0x6CA4	False	-834	16	21
0x07C088	0x1F	0x0088	0x4088	21	42	0x58C8	0x617C	False	2228	16	21
0x07C0D6	0x1F	0x00D6	0x40D6	21	42	0x4C9A	0x4E36	False	412	16	21
0x07DA64	0x1F	0x1A64	0x5A64	21	42	0x5B7B	0x5ACD	False	-174	16	21
0x00396A	0x00	0x396A	0x396A	20	40	0x5655	0x4342	False	-4883	16	20
0x033574	0x0C	0x3574	0x7574	20	40	0x5A59	0x7877	False	7710	16	20
0x070CDA	0x1C	0x0CDA	0x4CDA	20	40	0x4D02	0x4D82	False	128	16	20
0x074CDA	0x1D	0x0CDA	0x4CDA	20	40	0x4D02	0x4D82	False	128	16	20
0x0780D8	0x1E	0x00D8	0x40D8	20	40	0x7148	0x6CA4	False	-1188	16	20
0x07C08A	0x1F	0x008A	0x408A	20	40	0x56CC	0x617C	False	2736	16	20
0x07C0D8	0x1F	0x00D8	0x40D8	20	40	0x4CA9	0x4E36	False	397	16	20
0x07DA66	0x1F	0x1A66	0x5A66	20	40	0x5B8A	0x5ACD	False	-189	16	20
0x00396C	0x00	0x396C	0x396C	19	38	0x5857	0x4342	False	-5397	16	19
0x01C96A	0x07	0x096A	0x496A	19	38	0x7A67	0x7CA7	False	576	16	19
0x033576	0x0C	0x3576	0x7576	19	38	0x5C5B	0x7877	False	7196	16	19
0x070CDC	0x1C	0x0CDC	0x4CDC	19	38	0x4D12	0x4D82	False	112	16	19
0x074CDC	0x1D	0x0CDC	0x4CDC	19	38	0x4D12	0x4D82	False	112	16	19
0x0780DA	0x1E	0x00DA	0x40DA	19	38	0x70B5	0x6CA4	False	-1041	16	19
0x07C08C	0x1F	0x008C	0x408C	19	38	0x5738	0x617C	False	2628	16	19
0x07C0DA	0x1F	0x00DA	0x40DA	19	38	0x4CF1	0x4E36	False	325	16	19
0x07DA68	0x1F	0x1A68	0x5A68	19	38	0x5A41	0x5ACD	False	140	16	19
0x00396E	0x00	0x396E	0x396E	18	36	0x5A59	0x4342	False	-5911	16	18
0x01C716	0x07	0x0716	0x4716	18	36	0x40EC	0x6407	False	8987	16	18
0x01C96C	0x07	0x096C	0x496C	18	36	0x7A87	0x7CA7	False	544	16	18
0x033578	0x0C	0x3578	0x7578	18	36	0x5D4C	0x7877	False	6955	16	18
0x070CDE	0x1C	0x0CDE	0x4CDE	18	36	0x4D22	0x4D82	False	96	16	18
0x074CDE	0x1D	0x0CDE	0x4CDE	18	36	0x4D22	0x4D82	False	96	16	18
0x0780DC	0x1E	0x00DC	0x40DC	18	36	0x71E1	0x6CA4	False	-1341	16	18
0x07C08E	0x1F	0x008E	0x408E	18	36	0x5724	0x617C	False	2648	16	18
0x07C0DC	0x1F	0x00DC	0x40DC	18	36	0x417E	0x4E36	False	3256	16	18
0x07DA6A	0x1F	0x1A6A	0x5A6A	18	36	0x5A8E	0x5ACD	False	63	16	18
0x003970	0x00	0x3970	0x3970	17	34	0x5C5B	0x4342	False	-6425	16	17
0x01C718	0x07	0x0718	0x4718	17	34	0x44EC	0x6407	False	7963	16	17
0x01C96E	0x07	0x096E	0x496E	17	34	0x7AA7	0x7CA7	False	512	16	17
0x01DD3C	0x07	0x1D3C	0x5D3C	17	34	0x77A4	0x76C4	False	-224	16	17
0x03357A	0x0C	0x357A	0x757A	17	34	0x5F5E	0x7877	False	6425	16	17
0x070CE0	0x1C	0x0CE0	0x4CE0	17	34	0x4D32	0x4D82	False	80	16	17
0x074CE0	0x1D	0x0CE0	0x4CE0	17	34	0x4D32	0x4D82	False	80	16	17
0x0780DE	0x1E	0x00DE	0x40DE	17	34	0x7133	0x6CA4	False	-1167	16	17
0x07C090	0x1F	0x0090	0x4090	17	34	0x591F	0x617C	False	2141	16	17
0x07C0DE	0x1F	0x00DE	0x40DE	17	34	0x48EC	0x4E36	False	1354	16	17
0x07DA6C	0x1F	0x1A6C	0x5A6C	17	34	0x5A94	0x5ACD	False	57	16	17
0x003972	0x00	0x3972	0x3972	16	32	0x5E5D	0x4342	False	-6939	16	16
0x005372	0x01	0x1372	0x5372	16	32	0x7C7C	0x6262	False	-6682	16	16
0x01C13A	0x07	0x013A	0x413A	16	32	0x585F	0x6666	False	3591	16	16
0x01C71A	0x07	0x071A	0x471A	16	32	0x48EC	0x6407	False	6939	16	16
0x01C970	0x07	0x0970	0x4970	16	32	0x7AC7	0x7CA7	False	480	16	16
0x01CAFC	0x07	0x0AFC	0x4AFC	16	32	0x467E	0x77BE	False	12608	16	16
0x01DCFE	0x07	0x1CFE	0x5CFE	16	32	0x77C7	0x6B1E	False	-3241	16	16
0x01DD3E	0x07	0x1D3E	0x5D3E	16	32	0x77A6	0x76C4	False	-226	16	16
0x03357C	0x0C	0x357C	0x757C	16	32	0x6160	0x7877	False	5911	16	16
0x070CE2	0x1C	0x0CE2	0x4CE2	16	32	0x4D42	0x4D82	False	64	16	16
0x074CE2	0x1D	0x0CE2	0x4CE2	16	32	0x4D42	0x4D82	False	64	16	16
0x0780E0	0x1E	0x00E0	0x40E0	16	32	0x6E86	0x6CA4	False	-482	16	16
0x07C092	0x1F	0x0092	0x4092	16	32	0x5C58	0x617C	False	1316	16	16
0x07C0E0	0x1F	0x00E0	0x40E0	16	32	0x4BED	0x4E36	False	585	16	16
0x07DA6E	0x1F	0x1A6E	0x5A6E	16	32	0x5B67	0x5ACD	False	-154	16	16
0x003974	0x00	0x3974	0x3974	15	30	0x605F	0x4342	False	-7453	15	15
0x005374	0x01	0x1374	0x5374	15	30	0x6262	0x6262	False	0	15	15
0x01C13C	0x07	0x013C	0x413C	15	30	0x4866	0x6666	False	7680	15	15
0x01C71C	0x07	0x071C	0x471C	15	30	0x4DEC	0x6407	False	5659	15	15
0x01C972	0x07	0x0972	0x4972	15	30	0x7BE7	0x7CA7	False	192	15	15
0x01CAFE	0x07	0x0AFE	0x4AFE	15	30	0x5E40	0x77BE	False	6526	15	15
0x01D1D6	0x07	0x11D6	0x51D6	15	30	0x7203	0x6007	False	-4604	15	15
0x01DD00	0x07	0x1D00	0x5D00	15	30	0x78E7	0x6B1E	False	-3529	15	15
0x01DD40	0x07	0x1D40	0x5D40	15	30	0x77A8	0x76C4	False	-228	15	15
0x0202BC	0x08	0x02BC	0x42BC	15	30	0x4442	0x7766	False	13092	15	15
0x03357E	0x0C	0x357E	0x757E	15	30	0x624D	0x7877	False	5674	15	15
0x038224	0x0E	0x0224	0x4224	15	30	0x5778	0x5B68	False	1008	15	15
0x070CE4	0x1C	0x0CE4	0x4CE4	15	30	0x4D52	0x4D82	False	48	15	15
0x074CE4	0x1D	0x0CE4	0x4CE4	15	30	0x4D52	0x4D82	False	48	15	15
0x0780E2	0x1E	0x00E2	0x40E2	15	30	0x6E5E	0x6CA4	False	-442	15	15
0x07C094	0x1F	0x0094	0x4094	15	30	0x585D	0x617C	False	2335	15	15
0x07C0E2	0x1F	0x00E2	0x40E2	15	30	0x4926	0x4E36	False	1296	15	15
0x07DA70	0x1F	0x1A70	0x5A70	15	30	0x5A41	0x5ACD	False	140	15	15
0x0FED0C	0x3F	0x2D0C	0x6D0C	15	30	0x6210	0x6210	False	0	15	15
0x003976	0x00	0x3976	0x3976	14	28	0x6261	0x4342	False	-7967	14	14
0x005376	0x01	0x1376	0x5376	14	28	0x6262	0x6262	False	0	14	14
0x01C13E	0x07	0x013E	0x413E	14	28	0x4E3E	0x6666	False	6184	14	14
0x01C71E	0x07	0x071E	0x471E	14	28	0x6240	0x6407	False	455	14	14
0x01C974	0x07	0x0974	0x4974	14	28	0x7B07	0x7CA7	False	416	14	14
0x01CB00	0x07	0x0B00	0x4B00	14	28	0x6642	0x77BE	False	4476	14	14
0x01D1D8	0x07	0x11D8	0x51D8	14	28	0x7267	0x6007	False	-4704	14	14
0x01DD02	0x07	0x1D02	0x5D02	14	28	0x7807	0x6B1E	False	-3305	14	14
0x01DD42	0x07	0x1D42	0x5D42	14	28	0x77AA	0x76C4	False	-230	14	14
0x0202BE	0x08	0x02BE	0x42BE	14	28	0x4942	0x7766	False	11812	14	14
0x033580	0x0C	0x3580	0x7580	14	28	0x6463	0x7877	False	5140	14	14
0x070CE6	0x1C	0x0CE6	0x4CE6	14	28	0x4D62	0x4D82	False	32	14	14
0x074CE6	0x1D	0x0CE6	0x4CE6	14	28	0x4D62	0x4D82	False	32	14	14
0x0780E4	0x1E	0x00E4	0x40E4	14	28	0x6A8E	0x6CA4	False	534	14	14
0x07C096	0x1F	0x0096	0x4096	14	28	0x417F	0x617C	False	8189	14	14
0x07C0E4	0x1F	0x00E4	0x40E4	14	28	0x4881	0x4E36	False	1461	14	14
0x07DA72	0x1F	0x1A72	0x5A72	14	28	0x5A41	0x5ACD	False	140	14	14
0x0E10F4	0x38	0x10F4	0x50F4	14	28	0x5D25	0x6964	False	3135	14	14
0x0E1146	0x38	0x1146	0x5146	14	28	0x6E2D	0x6A69	False	-964	14	14
0x0FED0E	0x3F	0x2D0E	0x6D0E	14	28	0x6210	0x6210	False	0	14	14
0x003978	0x00	0x3978	0x3978	13	26	0x6463	0x4342	False	-8481	13	13
0x005378	0x01	0x1378	0x5378	13	26	0x7C7C	0x6262	False	-6682	13	13
0x01C140	0x07	0x0140	0x4140	13	26	0x6C46	0x6666	False	-1504	13	13
0x01C632	0x07	0x0632	0x4632	13	26	0x47FE	0x769C	False	11934	13	13
0x01C664	0x07	0x0664	0x4664	13	26	0x7774	0x763C	False	-312	13	13
0x01C720	0x07	0x0720	0x4720	13	26	0x6287	0x6407	False	384	13	13
0x01C976	0x07	0x0976	0x4976	13	26	0x7B27	0x7CA7	False	384	13	13
0x01CB02	0x07	0x0B02	0x4B02	13	26	0x6E60	0x77BE	False	2398	13	13
0x01D1DA	0x07	0x11DA	0x51DA	13	26	0x7287	0x6007	False	-4736	13	13
0x01DD04	0x07	0x1D04	0x5D04	13	26	0x7827	0x6B1E	False	-3337	13	13
0x01DD44	0x07	0x1D44	0x5D44	13	26	0x77AC	0x76C4	False	-232	13	13
0x0202C0	0x08	0x02C0	0x42C0	13	26	0x4D42	0x7766	False	10788	13	13
0x033582	0x0C	0x3582	0x7582	13	26	0x6665	0x7877	False	4626	13	13
0x070CE8	0x1C	0x0CE8	0x4CE8	13	26	0x4D72	0x4D82	False	16	13	13
0x074CE8	0x1D	0x0CE8	0x4CE8	13	26	0x4D72	0x4D82	False	16	13	13
0x0780E6	0x1E	0x00E6	0x40E6	13	26	0x6C16	0x6CA4	False	142	13	13
0x07C098	0x1F	0x0098	0x4098	13	26	0x419F	0x617C	False	8157	13	13
0x07C0E6	0x1F	0x00E6	0x40E6	13	26	0x417E	0x4E36	False	3256	13	13
0x07D23E	0x1F	0x123E	0x523E	13	26	0x545D	0x697D	False	5408	13	13
0x07DA74	0x1F	0x1A74	0x5A74	13	26	0x5B39	0x5ACD	False	-108	13	13
0x0E10F6	0x38	0x10F6	0x50F6	13	26	0x6564	0x6964	False	1024	13	13
0x0E1148	0x38	0x1148	0x5148	13	26	0x4D1E	0x6A69	False	7499	13	13
0x0FED10	0x3F	0x2D10	0x6D10	13	26	0x6210	0x6210	False	0	13	13
0x00397A	0x00	0x397A	0x397A	12	24	0x6665	0x4342	False	-8995	12	12
0x00537A	0x01	0x137A	0x537A	12	24	0x6262	0x6262	False	0	12	12
0x01C142	0x07	0x0142	0x4142	12	24	0x4A4E	0x6666	False	7192	12	12
0x01C570	0x07	0x0570	0x4570	12	24	0x4A06	0x6676	False	7280	12	12
0x01C634	0x07	0x0634	0x4634	12	24	0x4F38	0x769C	False	10084	12	12
0x01C666	0x07	0x0666	0x4666	12	24	0x7776	0x763C	False	-314	12	12
0x01C722	0x07	0x0722	0x4722	12	24	0x62A7	0x6407	False	352	12	12
0x01C978	0x07	0x0978	0x4978	12	24	0x7B47	0x7CA7	False	352	12	12
0x01CB04	0x07	0x0B04	0x4B04	12	24	0x7662	0x77BE	False	348	12	12
0x01D1DC	0x07	0x11DC	0x51DC	12	24	0x72A7	0x6007	False	-4768	12	12
0x01DD06	0x07	0x1D06	0x5D06	12	24	0x7847	0x6B1E	False	-3369	12	12
0x01DD46	0x07	0x1D46	0x5D46	12	24	0x77AE	0x76C4	False	-234	12	12
0x0202C2	0x08	0x02C2	0x42C2	12	24	0x5242	0x7766	False	9508	12	12
0x033584	0x0C	0x3584	0x7584	12	24	0x6700	0x7877	False	4471	12	12
0x070CEA	0x1C	0x0CEA	0x4CEA	12	24	0x4DB2	0x4D82	False	-48	12	12
0x074CEA	0x1D	0x0CEA	0x4CEA	12	24	0x4DB2	0x4D82	False	-48	12	12
0x0780E8	0x1E	0x00E8	0x40E8	12	24	0x6C23	0x6CA4	False	129	12	12
0x07C09A	0x1F	0x009A	0x409A	12	24	0x59C5	0x617C	False	1975	12	12
0x07C0E8	0x1F	0x00E8	0x40E8	12	24	0x417E	0x4E36	False	3256	12	12
0x07C240	0x1F	0x0240	0x4240	12	24	0x7435	0x7494	False	95	12	12
0x07D240	0x1F	0x1240	0x5240	12	24	0x6769	0x697D	False	532	12	12
0x07DA76	0x1F	0x1A76	0x5A76	12	24	0x5D7C	0x5ACD	False	-687	12	12
0x0E10F8	0x38	0x10F8	0x50F8	12	24	0x6466	0x6964	False	1278	12	12
0x0E114A	0x38	0x114A	0x514A	12	24	0x6764	0x6A69	False	773	12	12
0x0FC0D0	0x3F	0x00D0	0x40D0	12	24	0x4858	0x6008	False	6064	12	12
0x0FED12	0x3F	0x2D12	0x6D12	12	24	0x6210	0x6210	False	0	12	12
0x00397C	0x00	0x397C	0x397C	11	22	0x6867	0x4342	False	-9509	11	11
0x00537C	0x01	0x137C	0x537C	11	22	0x6262	0x6262	False	0	11	11
0x01C144	0x07	0x0144	0x4144	11	22	0x4C56	0x6666	False	6672	11	11
0x01C572	0x07	0x0572	0x4572	11	22	0x5076	0x6676	False	5632	11	11
0x01C636	0x07	0x0636	0x4636	11	22	0x5658	0x769C	False	8260	11	11
0x01C668	0x07	0x0668	0x4668	11	22	0x7678	0x763C	False	-60	11	11
0x01C724	0x07	0x0724	0x4724	11	22	0x62C7	0x6407	False	320	11	11
0x01C97A	0x07	0x097A	0x497A	11	22	0x7B67	0x7CA7	False	320	11	11
0x01CB06	0x07	0x0B06	0x4B06	11	22	0x6648	0x77BE	False	4470	11	11
0x01D1DE	0x07	0x11DE	0x51DE	11	22	0x72C7	0x6007	False	-4800	11	11
0x01DD08	0x07	0x1D08	0x5D08	11	22	0x7867	0x6B1E	False	-3401	11	11
0x01DD48	0x07	0x1D48	0x5D48	11	22	0x77B0	0x76C4	False	-236	11	11
0x01DE0A	0x07	0x1E0A	0x5E0A	11	22	0x6121	0x52E7	False	-3642	11	11
0x0202C4	0x08	0x02C4	0x42C4	11	22	0x5642	0x7766	False	8484	11	11
0x033586	0x0C	0x3586	0x7586	11	22	0x6968	0x7877	False	3855	11	11
0x070CEC	0x1C	0x0CEC	0x4CEC	11	22	0x4DC2	0x4D82	False	-64	11	11
0x074CEC	0x1D	0x0CEC	0x4CEC	11	22	0x4DC2	0x4D82	False	-64	11	11
0x0780EA	0x1E	0x00EA	0x40EA	11	22	0x6C2A	0x6CA4	False	122	11	11
0x07C0EA	0x1F	0x00EA	0x40EA	11	22	0x417E	0x4E36	False	3256	11	11
0x07C242	0x1F	0x0242	0x4242	11	22	0x449E	0x7494	False	12278	11	11
0x07D242	0x1F	0x1242	0x5242	11	22	0x5EC9	0x697D	False	2740	11	11
0x07DA78	0x1F	0x1A78	0x5A78	11	22	0x5B79	0x5ACD	False	-172	11	11
0x0E10FA	0x38	0x10FA	0x50FA	11	22	0x6867	0x6964	False	253	11	11
0x0E114C	0x38	0x114C	0x514C	11	22	0x6E68	0x6A69	False	-1023	11	11
0x0FC0D2	0x3F	0x00D2	0x40D2	11	22	0x4009	0x6008	False	8191	11	11
0x0FED14	0x3F	0x2D14	0x6D14	11	22	0x6210	0x6210	False	0	11	11
0x00397E	0x00	0x397E	0x397E	10	20	0x6A69	0x4342	False	-10023	10	10
0x0048A4	0x01	0x08A4	0x48A4	10	20	0x7F7F	0x4141	False	-15934	10	10
0x00537E	0x01	0x137E	0x537E	10	20	0x6262	0x6262	False	0	10	10
0x01C146	0x07	0x0146	0x4146	10	20	0x445E	0x6666	False	8712	10	10
0x01C574	0x07	0x0574	0x4574	10	20	0x6A76	0x6676	False	-1024	10	10
0x01C638	0x07	0x0638	0x4638	10	20	0x5E74	0x769C	False	6184	10	10
0x01C66A	0x07	0x066A	0x466A	10	20	0x6614	0x763C	False	4136	10	10
0x01C726	0x07	0x0726	0x4726	10	20	0x63E7	0x6407	False	32	10	10
0x01C97C	0x07	0x097C	0x497C	10	20	0x7B87	0x7CA7	False	288	10	10
0x01CB08	0x07	0x0B08	0x4B08	10	20	0x6E4E	0x77BE	False	2416	10	10
0x01D1E0	0x07	0x11E0	0x51E0	10	20	0x73E7	0x6007	False	-5088	10	10
0x01DA42	0x07	0x1A42	0x5A42	10	20	0x7407	0x6AA7	False	-2400	10	10
0x01DD0A	0x07	0x1D0A	0x5D0A	10	20	0x7887	0x6B1E	False	-3433	10	10
0x01DD4A	0x07	0x1D4A	0x5D4A	10	20	0x77B2	0x76C4	False	-238	10	10
0x01DE0C	0x07	0x1E0C	0x5E0C	10	20	0x6107	0x52E7	False	-3616	10	10
0x0202C6	0x08	0x02C6	0x42C6	10	20	0x5A42	0x7766	False	7460	10	10
0x033588	0x0C	0x3588	0x7588	10	20	0x6B6A	0x7877	False	3341	10	10
0x05F6BE	0x17	0x36BE	0x76BE	10	20	0x40C0	0x6CCC	False	11276	10	10
0x070CEE	0x1C	0x0CEE	0x4CEE	10	20	0x4DD2	0x4D82	False	-80	10	10
0x074CEE	0x1D	0x0CEE	0x4CEE	10	20	0x4DD2	0x4D82	False	-80	10	10
0x0780EC	0x1E	0x00EC	0x40EC	10	20	0x6C37	0x6CA4	False	109	10	10
0x07C0EC	0x1F	0x00EC	0x40EC	10	20	0x417E	0x4E36	False	3256	10	10
0x07C244	0x1F	0x0244	0x4244	10	20	0x4494	0x7494	False	12288	10	10
0x07D244	0x1F	0x1244	0x5244	10	20	0x562C	0x697D	False	4945	10	10
0x0E10FC	0x38	0x10FC	0x50FC	10	20	0x6964	0x6964	False	0	10	10
0x0E114E	0x38	0x114E	0x514E	10	20	0x4E1E	0x6A69	False	7243	10	10
0x0FC0D4	0x3F	0x00D4	0x40D4	10	20	0x5058	0x6008	False	4016	10	10
0x0FE750	0x3F	0x2750	0x6750	10	20	0x6290	0x6210	False	-128	10	10
0x0FED16	0x3F	0x2D16	0x6D16	10	20	0x6D10	0x6210	False	-2816	10	10
0x003980	0x00	0x3980	0x3980	9	18	0x6C6B	0x4342	False	-10537	9	9
0x004890	0x01	0x0890	0x4890	9	18	0x4C4C	0x7070	False	9252	9	9
0x0048A6	0x01	0x08A6	0x48A6	9	18	0x4141	0x4141	False	0	9	9
0x005380	0x01	0x1380	0x5380	9	18	0x7C7C	0x6262	False	-6682	9	9
0x01C148	0x07	0x0148	0x4148	9	18	0x4666	0x6666	False	8192	9	9
0x01C576	0x07	0x0576	0x4576	9	18	0x7076	0x6676	False	-2560	9	9
0x01C63A	0x07	0x063A	0x463A	9	18	0x6676	0x769C	False	4134	9	9
0x01C66C	0x07	0x066C	0x466C	9	18	0x6E16	0x763C	False	2086	9	9
0x01C728	0x07	0x0728	0x4728	9	18	0x6307	0x6407	False	256	9	9
0x01C97E	0x07	0x097E	0x497E	9	18	0x7BA7	0x7CA7	False	256	9	9
0x01CB0A	0x07	0x0B0A	0x4B0A	9	18	0x766C	0x77BE	False	338	9	9
0x01D1E2	0x07	0x11E2	0x51E2	9	18	0x7307	0x6007	False	-4864	9	9
0x01DA44	0x07	0x1A44	0x5A44	9	18	0x7627	0x6AA7	False	-2944	9	9
0x01DD0C	0x07	0x1D0C	0x5D0C	9	18	0x78A7	0x6B1E	False	-3465	9	9
0x01DD4C	0x07	0x1D4C	0x5D4C	9	18	0x77B4	0x76C4	False	-240	9	9
0x01DD90	0x07	0x1D90	0x5D90	9	18	0x47CE	0x6E22	False	9812	9	9
0x01DE0E	0x07	0x1E0E	0x5E0E	9	18	0x6327	0x52E7	False	-4160	9	9
0x0202C8	0x08	0x02C8	0x42C8	9	18	0x5E42	0x7766	False	6436	9	9
0x03027C	0x0C	0x027C	0x427C	9	18	0x4540	0x756F	False	12335	9	9
0x03358A	0x0C	0x358A	0x758A	9	18	0x6C00	0x7877	False	3191	9	9
0x05E02A	0x17	0x202A	0x602A	9	18	0x5837	0x5623	False	-532	9	9
0x05F6C0	0x17	0x36C0	0x76C0	9	18	0x70C0	0x6CCC	False	-1012	9	9
0x070CF0	0x1C	0x0CF0	0x4CF0	9	18	0x4DE2	0x4D82	False	-96	9	9
0x074CF0	0x1D	0x0CF0	0x4CF0	9	18	0x4DE2	0x4D82	False	-96	9	9
0x0780EE	0x1E	0x00EE	0x40EE	9	18	0x6C56	0x6CA4	False	78	9	9
0x07C0EE	0x1F	0x00EE	0x40EE	9	18	0x417E	0x4E36	False	3256	9	9
0x07C246	0x1F	0x0246	0x4246	9	18	0x449E	0x7494	False	12278	9	9
0x07D246	0x1F	0x1246	0x5246	9	18	0x7E2C	0x697D	False	-5295	9	9
0x07F7D2	0x1F	0x37D2	0x77D2	9	18	0x7A42	0x5850	False	-8690	9	9
0x0D84D0	0x36	0x04D0	0x44D0	9	18	0x70F9	0x71FF	False	262	9	9
0x0E0790	0x38	0x0790	0x4790	9	18	0x4217	0x425A	False	67	9	9
0x0E086C	0x38	0x086C	0x486C	9	18	0x6C1E	0x6D6D	False	335	9	9
0x0E08BC	0x38	0x08BC	0x48BC	9	18	0x6C1E	0x5554	False	-5834	9	9
0x0E08F8	0x38	0x08F8	0x48F8	9	18	0x6C17	0x6D6D	False	342	9	9
0x0E0948	0x38	0x0948	0x4948	9	18	0x6C21	0x6D6D	False	332	9	9
0x0E10FE	0x38	0x10FE	0x50FE	9	18	0x646A	0x6964	False	1274	9	9
0x0E1150	0x38	0x1150	0x5150	9	18	0x6564	0x6A69	False	1285	9	9
0x0FC0D6	0x3F	0x00D6	0x40D6	9	18	0x400A	0x6008	False	8190	9	9
0x0FE752	0x3F	0x2752	0x6752	9	18	0x6210	0x6210	False	0	9	9
0x0FE7F0	0x3F	0x27F0	0x67F0	9	18	0x6250	0x6210	False	-64	9	9
0x0FEC72	0x3F	0x2C72	0x6C72	9	18	0x6250	0x6210	False	-64	9	9
0x0FED18	0x3F	0x2D18	0x6D18	9	18	0x6E14	0x6210	False	-3076	9	9
0x00064E	0x00	0x064E	0x064E	8	16	0x4147	0x4C4F	False	2824	8	8
0x003390	0x00	0x3390	0x3390	8	16	0x7E39	0x772F	False	-1802	8	8
0x0034B6	0x00	0x34B6	0x34B6	8	16	0x7B39	0x479E	False	-13211	8	8
0x003518	0x00	0x3518	0x3518	8	16	0x7EE5	0x7717	False	-1998	8	8
0x003982	0x00	0x3982	0x3982	8	16	0x6E6D	0x4342	False	-11051	8	8
0x0042F2	0x01	0x02F2	0x42F2	8	16	0x4242	0x4444	False	514	8	8
0x0043C2	0x01	0x03C2	0x43C2	8	16	0x4040	0x4F4F	False	3855	8	8
0x004402	0x01	0x0402	0x4402	8	16	0x4242	0x4C4C	False	2570	8	8
0x004442	0x01	0x0442	0x4442	8	16	0x4F4F	0x4C4C	False	-771	8	8
0x0047A0	0x01	0x07A0	0x47A0	8	16	0x4141	0x4040	False	-257	8	8
0x0048A8	0x01	0x08A8	0x48A8	8	16	0x4141	0x4141	False	0	8	8
0x005382	0x01	0x1382	0x5382	8	16	0x6262	0x6262	False	0	8	8
0x006786	0x01	0x2786	0x6786	8	16	0x4052	0x4040	False	-18	8	8
0x0084DC	0x02	0x04DC	0x44DC	8	16	0x6868	0x6F6F	False	1799	8	8
0x00996A	0x02	0x196A	0x596A	8	16	0x65FA	0x66EA	False	240	8	8
0x0099B8	0x02	0x19B8	0x59B8	8	16	0x65FA	0x66EA	False	240	8	8
0x0189D0	0x06	0x09D0	0x49D0	8	16	0x5757	0x5C5F	False	1288	8	8
0x018B80	0x06	0x0B80	0x4B80	8	16	0x5F5F	0x5757	False	-2056	8	8
0x01A280	0x06	0x2280	0x6280	8	16	0x7A55	0x7F50	False	1275	8	8
0x01A380	0x06	0x2380	0x6380	8	16	0x7F5F	0x707F	False	-3808	8	8
0x01B2B2	0x06	0x32B2	0x72B2	8	16	0x5FC9	0x7F7F	False	8118	8	8
0x01C14A	0x07	0x014A	0x414A	8	16	0x746F	0x6666	False	-3593	8	8
0x01C47E	0x07	0x047E	0x447E	8	16	0x7B40	0x7CE7	False	423	8	8
0x01C578	0x07	0x0578	0x4578	8	16	0x4C76	0x6676	False	6656	8	8
0x01C63C	0x07	0x063C	0x463C	8	16	0x6E94	0x769C	False	2056	8	8
0x01C66E	0x07	0x066E	0x466E	8	16	0x7634	0x763C	False	8	8	8
0x01C72A	0x07	0x072A	0x472A	8	16	0x6327	0x6407	False	224	8	8
0x01C87A	0x07	0x087A	0x487A	8	16	0x770A	0x7B18	False	1038	8	8
0x01C980	0x07	0x0980	0x4980	8	16	0x7BC7	0x7CA7	False	224	8	8
0x01CB0C	0x07	0x0B0C	0x4B0C	8	16	0x664A	0x77BE	False	4468	8	8
0x01D1E4	0x07	0x11E4	0x51E4	8	16	0x7327	0x6007	False	-4896	8	8
0x01D7FA	0x07	0x17FA	0x57FA	8	16	0x77BC	0x76CA	False	-242	8	8
0x01DA46	0x07	0x1A46	0x5A46	8	16	0x7607	0x6AA7	False	-2912	8	8
0x01DD0E	0x07	0x1D0E	0x5D0E	8	16	0x78C7	0x6B1E	False	-3497	8	8
0x01DD4E	0x07	0x1D4E	0x5D4E	8	16	0x77B6	0x76C4	False	-242	8	8
0x01DD92	0x07	0x1D92	0x5D92	8	16	0x4FEC	0x6E22	False	7734	8	8
0x01DE10	0x07	0x1E10	0x5E10	8	16	0x6307	0x52E7	False	-4128	8	8
0x0202CA	0x08	0x02CA	0x42CA	8	16	0x6242	0x7766	False	5412	8	8
0x03027E	0x0C	0x027E	0x427E	8	16	0x5B50	0x756F	False	6687	8	8
0x03358C	0x0C	0x358C	0x758C	8	16	0x6E6D	0x7877	False	2570	8	8
0x03719A	0x0D	0x319A	0x719A	8	16	0x5E20	0x5401	False	-2591	8	8
0x04AEEE	0x12	0x2EEE	0x6EEE	8	16	0x578B	0x717B	False	6640	8	8
0x058950	0x16	0x0950	0x4950	8	16	0x7376	0x7B7A	False	2052	8	8
0x0589D0	0x16	0x09D0	0x49D0	8	16	0x7372	0x6366	False	-4108	8	8
0x05E02C	0x17	0x202C	0x602C	8	16	0x68CD	0x5623	False	-4778	8	8
0x05EF3C	0x17	0x2F3C	0x6F3C	8	16	0x63DC	0x639F	False	-61	8	8
0x05F6C2	0x17	0x36C2	0x76C2	8	16	0x48F0	0x6CCC	False	9180	8	8
0x070CF2	0x1C	0x0CF2	0x4CF2	8	16	0x4D92	0x4D82	False	-16	8	8
0x074CF2	0x1D	0x0CF2	0x4CF2	8	16	0x4D92	0x4D82	False	-16	8	8
0x0780F0	0x1E	0x00F0	0x40F0	8	16	0x6C33	0x6CA4	False	113	8	8
0x07C0F0	0x1F	0x00F0	0x40F0	8	16	0x41B0	0x4E36	False	3206	8	8
0x07C248	0x1F	0x0248	0x4248	8	16	0x54A8	0x7494	False	8172	8	8
0x07D248	0x1F	0x1248	0x5248	8	16	0x4D2C	0x697D	False	7249	8	8
0x0C1C80	0x30	0x1C80	0x5C80	8	16	0x6767	0x4F7F	False	-6120	8	8
0x0C269E	0x30	0x269E	0x669E	8	16	0x62FE	0x5F79	False	-901	8	8
0x0C26DE	0x30	0x26DE	0x66DE	8	16	0x62FE	0x5F7F	False	-895	8	8
0x0D84D2	0x36	0x04D2	0x44D2	8	16	0x78FD	0x71FF	False	-1790	8	8
0x0D8852	0x36	0x0852	0x4852	8	16	0x6979	0x7170	False	2039	8	8
0x0E0792	0x38	0x0792	0x4792	8	16	0x425A	0x425A	False	0	8	8
0x0E086E	0x38	0x086E	0x486E	8	16	0x6D6D	0x6D6D	False	0	8	8
0x0E08BE	0x38	0x08BE	0x48BE	8	16	0x6D6D	0x5554	False	-6169	8	8
0x0E08FA	0x38	0x08FA	0x48FA	8	16	0x6D6D	0x6D6D	False	0	8	8
0x0E094A	0x38	0x094A	0x494A	8	16	0x6D6D	0x6D6D	False	0	8	8
0x0E1100	0x38	0x1100	0x5100	8	16	0x6665	0x6964	False	767	8	8
0x0E1152	0x38	0x1152	0x5152	8	16	0x6466	0x6A69	False	1539	8	8
0x0E49D0	0x39	0x09D0	0x49D0	8	16	0x5757	0x5C5F	False	1288	8	8
0x0E4B80	0x39	0x0B80	0x4B80	8	16	0x5F5F	0x5757	False	-2056	8	8
0x0E6280	0x39	0x2280	0x6280	8	16	0x7A55	0x7F50	False	1275	8	8
0x0E6380	0x39	0x2380	0x6380	8	16	0x7F5F	0x707F	False	-3808	8	8
0x0E72B2	0x39	0x32B2	0x72B2	8	16	0x5FC9	0x7F7F	False	8118	8	8
0x0FC0D8	0x3F	0x00D8	0x40D8	8	16	0x5060	0x6008	False	4008	8	8
0x0FE754	0x3F	0x2754	0x6754	8	16	0x6310	0x6210	False	-256	8	8
0x0FE7F2	0x3F	0x27F2	0x67F2	8	16	0x6210	0x6210	False	0	8	8
0x0FE832	0x3F	0x2832	0x6832	8	16	0x6250	0x6210	False	-64	8	8
0x0FE872	0x3F	0x2872	0x6872	8	16	0x6250	0x4710	False	-6976	8	8
0x0FE972	0x3F	0x2972	0x6972	8	16	0x6250	0x4B10	False	-5952	8	8
0x0FE9B2	0x3F	0x29B2	0x69B2	8	16	0x4F50	0x5B10	False	3008	8	8
0x0FE9F2	0x3F	0x29F2	0x69F2	8	16	0x5D50	0x4D10	False	-4160	8	8
0x0FEA32	0x3F	0x2A32	0x6A32	8	16	0x4D50	0x4D10	False	-64	8	8
0x0FEA72	0x3F	0x2A72	0x6A72	8	16	0x4D50	0x5D10	False	4032	8	8
0x0FEAB2	0x3F	0x2AB2	0x6AB2	8	16	0x5B50	0x4F10	False	-3136	8	8
0x0FEAF2	0x3F	0x2AF2	0x6AF2	8	16	0x4B50	0x6290	False	5952	8	8
0x0FEBF2	0x3F	0x2BF2	0x6BF2	8	16	0x4750	0x6210	False	6848	8	8
0x0FEC32	0x3F	0x2C32	0x6C32	8	16	0x6250	0x6210	False	-64	8	8
0x0FEC74	0x3F	0x2C74	0x6C74	8	16	0x5310	0x6210	False	3840	8	8
0x0FED1A	0x3F	0x2D1A	0x6D1A	8	16	0x6E14	0x6210	False	-3076	8	8
0x0FED52	0x3F	0x2D52	0x6D52	8	16	0x5850	0x5854	False	4	8	8
0x0FED92	0x3F	0x2D92	0x6D92	8	16	0x58D0	0x5854	False	-124	8	8
0x0FF8CA	0x3F	0x38CA	0x78CA	8	16	0x7F03	0x7F00	False	-3	8	8
0x0FF95A	0x3F	0x395A	0x795A	8	16	0x6108	0x644D	False	837	8	8
